time,decision_mode,window_start,window_end,current_ti_C,current_tsp_C,mean_abs_error_C,mean_error_C,max_abs_error_C,power_mean_W,power_std_W,last_power_W,energy_kWh,error_sign_changes,Ta_now_C,Ta_future_C,Ta_mean_future_C,Ta_delta_next_1h_C,next_habit_label,next_habit_type,minutes_to_next_habit,kp_before,ki_before,kd_before,setpoint_before_C,comfort_weight_before,energy_weight_before,response_weight_before,weighted_cost_before,action,decision_source,reason,rationale,kp_after,ki_after,kd_after,setpoint_after_C,comfort_weight_after,energy_weight_after,response_weight_after,weighted_cost_after
2026-04-02 00:10:00,proactive,2026-04-02 00:05:00,2026-04-02 00:09:00,26.201258308499746,39.0,13.811950690292306,13.811950690292306,14.855132472068806,14.094902721839452,0.19052647069246054,13.88557994200063,0.001174575226819954,0,21.32,20.82,21.229836065573764,-0.5,none,none,-1,1.0,2.5,0.0,39.0,0.34,0.33,0.33,64.86572892664684,set_cost_weights,agent,"Forecast shows a significant temperature increase in the evening, raising comfort weight to prepare for higher indoor temperatures. Tariff schedule indicates on-peak hours during this period, so energy weight is also raised to minimize costs.","Forecast shows a significant temperature increase in the evening, raising comfort weight to prepare for higher indoor temperatures. Tariff schedule indicates on-peak hours during this period, so energy weight is also raised to minimize costs.",1.0,2.5,0.0,39.0,0.35,0.35,0.3,66.77365829747231
2026-04-02 00:20:00,proactive,2026-04-02 00:15:00,2026-04-02 00:19:00,30.614317511171187,39.0,9.205570429794784,9.205570429794784,10.0443163572018,13.85108516662974,0.05676765067410862,13.763771979541808,0.0011542570972191452,0,21.32,20.82,21.14786885245901,-0.5,none,none,-1,1.0,2.5,0.0,39.0,0.35,0.35,0.3,29.66392908905675,set_cost_weights,agent,"Forecast shows a significant temperature increase in the evening, raising comfort weight to prepare for higher outdoor temperatures. Tariff schedule indicates on-peak hours during this time, so energy weight is slightly reduced while maintaining response weight.","Forecast shows a significant temperature increase in the evening, raising comfort weight to prepare for higher outdoor temperatures. Tariff schedule indicates on-peak hours during this time, so energy weight is slightly reduced while maintaining response weight.",1.0,2.5,0.0,39.0,0.4,0.35,0.25,33.90105464246115
2026-04-02 00:30:00,proactive,2026-04-02 00:25:00,2026-04-02 00:29:00,34.07826236498043,39.0,5.545409964546127,5.545409964546127,6.1887495352169,13.154045546377455,0.13074481990767228,12.966095042977225,0.001096170462198121,0,21.32,20.82,21.065901639344254,-0.5,none,none,-1,1.0,2.5,0.0,39.0,0.4,0.35,0.25,12.30448631207337,set_cost_weights,agent,"Increased outdoor temperature and upcoming on-peak hours suggest raising comfort weight to ensure user comfort, while lowering energy weight due to higher costs during peak hours.","Increased outdoor temperature and upcoming on-peak hours suggest raising comfort weight to ensure user comfort, while lowering energy weight due to higher costs during peak hours.",1.0,2.5,0.0,39.0,0.5,0.3,0.2,15.379091185230882
2026-04-02 00:40:00,proactive,2026-04-02 00:35:00,2026-04-02 00:39:00,36.58141172647624,39.0,2.8556455050343486,2.8556455050343486,3.3102491844634017,12.12616124461184,0.1537065237454812,11.90849944932016,0.0010105134370509868,0,21.32,20.82,20.9839344262295,-0.5,none,none,-1,1.0,2.5,0.0,39.0,0.5,0.3,0.2,4.080410434905607,set_cost_weights,agent,"Raising comfort weight due to upcoming cooler preference at night and evening high temperature demand, while slightly lowering energy weight as the on-peak period is approaching.","Raising comfort weight due to upcoming cooler preference at night and evening high temperature demand, while slightly lowering energy weight as the on-peak period is approaching.",1.0,2.5,0.0,39.0,0.6,0.3,0.1,4.895869925256388
2026-04-02 00:50:00,proactive,2026-04-02 00:45:00,2026-04-02 00:49:00,38.2423557162904,39.0,1.0375054132171528,1.0375054132171528,1.3314915791771966,11.053888458820442,0.14609957627279524,10.848532495998507,0.0009211573715683703,0,21.32,20.82,20.901967213114748,-0.5,none,none,-1,1.0,2.5,0.0,39.0,0.6,0.3,0.1,0.6486244731720986,set_cost_weights,agent,"Forecast suggests a warm day ahead, raising comfort weight to prepare for higher temperatures and evening events.","Forecast suggests a warm day ahead, raising comfort weight to prepare for higher temperatures and evening events.",1.0,2.5,0.0,39.0,0.7,0.2,0.1,0.7553450640460199
2026-04-02 01:00:00,proactive,2026-04-02 00:55:00,2026-04-02 00:59:00,39.23149853880142,39.0,0.04629970776028358,-0.04629970776028358,0.2314985388014179,10.118994655816369,0.09645772450059127,9.926079206815185,0.000843249554651364,0,20.82,20.27,20.81098360655737,-0.5500000000000007,night_cooler_preference,cooler,60,1.0,2.5,0.0,39.0,0.7,0.2,0.1,0.003191645052559941,set_cost_weights,agent,"Increased outdoor temperature and upcoming on-peak hours suggest raising comfort weight to ensure user comfort, while slightly lowering energy weight due to higher costs during peak hours.","Increased outdoor temperature and upcoming on-peak hours suggest raising comfort weight to ensure user comfort, while slightly lowering energy weight due to higher costs during peak hours.",1.0,2.5,0.0,39.0,0.8,0.15,0.05,0.002982095626015101
2026-04-02 01:10:00,proactive,2026-04-02 01:05:00,2026-04-02 01:09:00,39.66492256087343,39.0,0.6022221407342798,-0.6022221407342798,0.6649225608734284,9.40037022519366,0.08304671678245264,9.284743783533003,0.0007833641854328049,0,20.82,20.27,20.720819672131146,-0.5500000000000007,night_cooler_preference,cooler,50,1.0,2.5,0.0,39.0,0.8,0.15,0.05,0.2913139498964339,set_cost_weights,agent,"Forecast suggests cooler temperatures and upcoming on-peak hours, raising energy cost weight to manage costs during peak times while maintaining comfort.","Forecast suggests cooler temperatures and upcoming on-peak hours, raising energy cost weight to manage costs during peak times while maintaining comfort.",1.0,2.5,0.0,39.0,0.85,0.1,0.05,0.3090558431432464
2026-04-02 01:20:00,proactive,2026-04-02 01:15:00,2026-04-02 01:19:00,39.81166888047858,39.0,0.7974636043308692,-0.7974636043308692,0.8116688804785781,8.900933511127574,0.058664372531088645,8.81960228679865,0.0007417444592606312,0,20.82,20.27,20.630655737704913,-0.5500000000000007,night_cooler_preference,cooler,40,1.0,2.5,0.0,39.0,0.85,0.1,0.05,0.541298562058103,set_cost_weights,agent,Prepared for the cooler night ahead and evening high temperature demand by raising comfort weight.,Prepared for the cooler night ahead and evening high temperature demand by raising comfort weight.,1.0,2.5,0.0,39.0,0.8571428571428571,0.09523809523809523,0.047619047619047616,0.5458056876854496
2026-04-02 01:30:00,proactive,2026-04-02 01:25:00,2026-04-02 01:29:00,39.785120714237,39.0,0.7988502739210886,-0.7988502739210886,0.8105407110362464,8.562011880944462,0.03792416568522288,8.509700788464988,0.000713500990078705,0,20.82,20.27,20.540491803278684,-0.5500000000000007,night_cooler_preference,cooler,30,1.0,2.5,0.0,39.0,0.8571428571428571,0.09523809523809523,0.047619047619047616,0.5476756564355686,set_cost_weights,agent,"Prepared for cooler preference at night and evening high temperature demand, raising comfort weight to ensure better indoor conditions.","Prepared for cooler preference at night and evening high temperature demand, raising comfort weight to ensure better indoor conditions.",1.0,2.5,0.0,39.0,0.8571428571428571,0.09523809523809523,0.047619047619047616,0.5476756564355686
2026-04-02 01:40:00,proactive,2026-04-02 01:35:00,2026-04-02 01:39:00,39.66879701648987,39.0,0.6957700538064089,-0.6957700538064089,0.7219282499836126,8.353490878228175,0.021839005635366178,8.323590384946403,0.000696124239852348,0,20.82,20.27,20.450327868852455,-0.5500000000000007,night_cooler_preference,cooler,20,1.0,2.5,0.0,39.0,0.8571428571428571,0.09523809523809523,0.047619047619047616,0.4156024882605062,set_cost_weights,agent,"Raising comfort weight to prepare for cooler night preference and evening high temperature demand, while keeping energy weight low due to off-peak pricing.","Raising comfort weight to prepare for cooler night preference and evening high temperature demand, while keeping energy weight low due to off-peak pricing.",1.0,2.5,0.0,39.0,0.8571428571428571,0.09523809523809523,0.047619047619047616,0.4156024882605062
2026-04-02 01:50:00,proactive,2026-04-02 01:45:00,2026-04-02 01:49:00,39.51929596040295,39.0,0.5498878227784004,-0.5498878227784004,0.580429366384287,8.242221937522928,0.010349491701730978,8.22826366574085,0.0006868518281269106,0,20.82,20.27,20.360163934426225,-0.5500000000000007,night_cooler_preference,cooler,10,1.0,2.5,0.0,39.0,0.8571428571428571,0.09523809523809523,0.047619047619047616,0.259834127693562,set_cost_weights,agent,"Prepared for cooler preference at night and evening high temperature demand, raising comfort weight to ensure better indoor conditions.","Prepared for cooler preference at night and evening high temperature demand, raising comfort weight to ensure better indoor conditions.",1.0,2.5,0.0,39.0,0.8571428571428571,0.09523809523809523,0.047619047619047616,0.259834127693562
2026-04-02 02:00:00,proactive,2026-04-02 01:55:00,2026-04-02 01:59:00,39.37137730260686,39.0,0.39993994813464157,-0.39993994813464157,0.42887009938320375,8.197732559183333,0.0028316277901473965,8.194164759341316,0.0006831443799319444,0,20.27,20.0,20.2655737704918,-0.2699999999999996,night_cooler_preference,cooler,0,1.0,2.5,0.0,39.0,0.8571428571428571,0.09523809523809523,0.047619047619047616,0.13775229738740502,set_cost_weights,agent,"Forecast suggests cooler temperatures and upcoming on-peak hours, raising comfort weight to prepare for evening high temperature demand.","Forecast suggests cooler temperatures and upcoming on-peak hours, raising comfort weight to prepare for evening high temperature demand.",1.0,2.5,0.0,39.0,0.9,0.05,0.05,0.14429834006680933
2026-04-02 02:10:00,proactive,2026-04-02 02:05:00,2026-04-02 02:09:00,39.17362725633372,39.0,0.1315774189994201,-0.1315774189994201,0.23833105621581296,8.348821290264386,0.10341340161334192,8.475231394437383,0.000695735107522032,0,20.27,20.0,20.221311475409838,-0.2699999999999996,none,none,-1,1.0,2.5,0.0,39.0,0.9,0.05,0.05,0.01593185628635283,set_cost_weights,agent,"Increased comfort weight due to evening high temperature demand at 18:00, and slightly raised energy weight as the on-peak period starts at 17:10.","Increased comfort weight due to evening high temperature demand at 18:00, and slightly raised energy weight as the on-peak period starts at 17:10.",1.0,2.5,0.0,39.0,0.9,0.05,0.05,0.01593185628635283
2026-04-02 02:20:00,proactive,2026-04-02 02:15:00,2026-04-02 02:19:00,39.09112885251672,39.0,0.0,0.0,0.0,8.475231394437383,0.0,8.475231394437383,0.000706269282869782,0,20.27,20.0,20.177049180327867,-0.2699999999999996,none,none,-1,1.0,2.5,0.0,39.0,0.9,0.05,0.05,0.00035313464143489105,set_cost_weights,agent,"Evening temperatures are expected to rise, and the next on-peak period is approaching. Increasing comfort weight prepares for higher evening temperatures while slightly raising energy cost sensitivity.","Evening temperatures are expected to rise, and the next on-peak period is approaching. Increasing comfort weight prepares for higher evening temperatures while slightly raising energy cost sensitivity.",1.0,2.5,0.0,39.0,0.9,0.05,0.05,0.00035313464143489105
2026-04-02 02:30:00,proactive,2026-04-02 02:25:00,2026-04-02 02:29:00,39.022986485346216,39.0,0.0,0.0,0.0,8.475231394437383,0.0,8.475231394437383,0.000706269282869782,0,20.27,20.0,20.1327868852459,-0.2699999999999996,none,none,-1,1.0,2.5,0.0,39.0,0.9,0.05,0.05,0.00035313464143489105,set_cost_weights,agent,"Evening temperature rise and on-peak tariff suggest raising comfort weight to prepare for higher demand, while slightly lowering energy weight due to upcoming high-tariff period.","Evening temperature rise and on-peak tariff suggest raising comfort weight to prepare for higher demand, while slightly lowering energy weight due to upcoming high-tariff period.",1.0,2.5,0.0,39.0,0.9,0.05,0.05,0.00035313464143489105
2026-04-02 02:40:00,proactive,2026-04-02 02:35:00,2026-04-02 02:39:00,38.966701975722245,39.0,0.0,0.0,0.0,8.475231394437383,0.0,8.475231394437383,0.000706269282869782,0,20.27,20.0,20.088524590163935,-0.2699999999999996,none,none,-1,1.0,2.5,0.0,39.0,0.9,0.05,0.05,0.00035313464143489105,set_cost_weights,agent,"Evening temperatures are expected to rise, and the next on-peak period is approaching. Increasing comfort weight prepares for higher indoor temperature setpoint adjustments while slightly raising energy cost sensitivity.","Evening temperatures are expected to rise, and the next on-peak period is approaching. Increasing comfort weight prepares for higher indoor temperature setpoint adjustments while slightly raising energy cost sensitivity.",1.0,2.5,0.0,39.0,0.9,0.05,0.05,0.00035313464143489105
2026-04-02 02:50:00,proactive,2026-04-02 02:45:00,2026-04-02 02:49:00,38.920211867509764,39.0,0.0,0.0,0.0,8.475231394437383,0.0,8.475231394437383,0.000706269282869782,0,20.27,20.0,20.044262295081964,-0.2699999999999996,none,none,-1,1.0,2.5,0.0,39.0,0.9,0.05,0.05,0.00035313464143489105,set_cost_weights,agent,"Evening temperatures are expected to rise, and the next on-peak period is approaching. Raising energy weight slightly prepares for potential higher costs while maintaining comfort.","Evening temperatures are expected to rise, and the next on-peak period is approaching. Raising energy weight slightly prepares for potential higher costs while maintaining comfort.",1.0,2.5,0.0,39.0,0.9,0.05,0.05,0.00035313464143489105
2026-04-02 03:00:00,proactive,2026-04-02 02:55:00,2026-04-02 02:59:00,38.881811778816655,39.0,0.0,0.0,0.0,8.475231394437383,0.0,8.475231394437383,0.000706269282869782,0,20.0,14.0,19.901639344262296,-6.0,none,none,-1,1.0,2.5,0.0,39.0,0.9,0.05,0.05,0.00035313464143489105,set_cost_weights,agent,Prepared for the upcoming on-peak period and evening high temperature demand by slightly raising comfort weight.,Prepared for the upcoming on-peak period and evening high temperature demand by slightly raising comfort weight.,1.0,2.5,0.0,39.0,0.9,0.05,0.05,0.00035313464143489105
2026-04-02 03:10:00,proactive,2026-04-02 03:05:00,2026-04-02 03:09:00,38.803109615656496,39.0,0.0,0.0,0.0,8.475231394437383,0.0,8.475231394437383,0.000706269282869782,0,20.0,14.0,18.918032786885245,-6.0,none,none,-1,1.0,2.5,0.0,39.0,0.9,0.05,0.05,0.00035313464143489105,set_cost_weights,agent,Increased outdoor temperature in the evening suggests raising comfort weight to prepare for higher indoor setpoint adjustments.,Increased outdoor temperature in the evening suggests raising comfort weight to prepare for higher indoor setpoint adjustments.,1.0,2.5,0.0,39.0,0.9,0.05,0.05,0.00035313464143489105
2026-04-02 03:20:00,proactive,2026-04-02 03:15:00,2026-04-02 03:19:00,38.79525064934897,39.0,0.12181655708062493,0.12181655708062493,0.20474935065102784,8.645966421983125,0.10179451433965807,8.739112822868485,0.0007204972018319272,0,20.0,14.0,17.934426229508198,-6.0,none,none,-1,1.0,2.5,0.0,39.0,0.9,0.05,0.05,0.013718146283528092,set_cost_weights,agent,Prepared for the evening temperature rise and on-peak tariff period by slightly raising comfort weight.,Prepared for the evening temperature rise and on-peak tariff period by slightly raising comfort weight.,1.0,2.5,0.0,39.0,0.9,0.05,0.05,0.013718146283528092
2026-04-02 03:30:00,proactive,2026-04-02 03:25:00,2026-04-02 03:29:00,38.79892363464655,39.0,0.08082696323809842,0.08082696323809842,0.203058450837041,8.647045401450146,0.1038735676755982,8.77738165659123,0.0007205871167875121,0,20.0,14.0,16.950819672131146,-6.0,none,none,-1,1.0,2.5,0.0,39.0,0.9,0.05,0.05,0.006242648494118112,set_cost_weights,agent,"Prepared for evening temperature rise and on-peak tariff, slightly raising comfort weight.","Prepared for evening temperature rise and on-peak tariff, slightly raising comfort weight.",1.0,2.5,0.0,39.0,0.9,0.05,0.05,0.006242648494118112
2026-04-02 03:40:00,proactive,2026-04-02 03:35:00,2026-04-02 03:39:00,38.79869030579595,39.0,0.08041438578399748,0.08041438578399748,0.2013096942040491,8.675155917213624,0.10058141247113815,8.802761548773812,0.000722929659767802,0,20.0,14.0,15.967213114754099,-6.0,none,none,-1,1.0,2.5,0.0,39.0,0.9,0.05,0.05,0.006183781938319495,set_cost_weights,agent,Raising comfort weight to prepare for evening high temperature demand and adjusting energy weight in anticipation of on-peak hours.,Raising comfort weight to prepare for evening high temperature demand and adjusting energy weight in anticipation of on-peak hours.,1.0,2.5,0.0,39.0,0.9,0.05,0.05,0.006183781938319495
2026-04-02 03:50:00,proactive,2026-04-02 03:45:00,2026-04-02 03:49:00,38.79866356815023,39.0,0.04026728636995358,0.04026728636995358,0.2013364318497679,8.651749142052449,0.08389017993740353,8.819529501927255,0.0007209790951710372,0,20.0,14.0,14.98360655737705,-6.0,none,none,-1,1.0,2.5,0.0,39.0,0.9,0.05,0.05,0.0018215313202371234,set_cost_weights,agent,"Prepare for the evening temperature rise and upcoming on-peak hours by slightly raising comfort weight to ensure user comfort during warmer conditions, while adjusting energy weight higher as on-peak rates will be in effect.","Prepare for the evening temperature rise and upcoming on-peak hours by slightly raising comfort weight to ensure user comfort during warmer conditions, while adjusting energy weight higher as on-peak rates will be in effect.",1.0,2.5,0.0,39.0,0.9,0.05,0.05,0.0018215313202371234
2026-04-02 04:00:00,proactive,2026-04-02 03:55:00,2026-04-02 03:59:00,38.80462309854843,39.0,0.04002286562564876,0.04002286562564876,0.2001143281282438,8.66655403270848,0.08004573125129752,8.626531167082831,0.0007222128360590399,0,14.0,14.0,14.0,0.0,none,none,-1,1.0,2.5,0.0,39.0,0.9,0.05,0.05,0.0018043308853047432,set_cost_weights,agent,Raising comfort weight to prepare for evening high temperature demand and ensuring stability during sleep period.,Raising comfort weight to prepare for evening high temperature demand and ensuring stability during sleep period.,1.0,2.5,0.0,39.0,0.9,0.05,0.05,0.0018043308853047432
2026-04-02 04:10:00,proactive,2026-04-02 04:05:00,2026-04-02 04:09:00,38.018594803245065,39.0,0.8664038113776599,0.8664038113776599,0.9814051967549347,9.699322585075532,0.13796255312968586,9.891533477897077,0.0008082768820896276,0,14.0,14.0,14.0,0.0,none,none,-1,1.0,2.5,0.0,39.0,0.9,0.05,0.05,0.6759988330259622,set_cost_weights,agent,Raising comfort weight to prepare for evening high temperature demand and ensuring stability during sleep period.,Raising comfort weight to prepare for evening high temperature demand and ensuring stability during sleep period.,1.0,2.5,0.0,39.0,0.9,0.05,0.05,0.6759988330259622
2026-04-02 04:20:00,proactive,2026-04-02 04:15:00,2026-04-02 04:19:00,37.72789840296884,39.0,1.2399410903890384,1.2399410903890384,1.2721015970311598,10.534018521149402,0.09872400937229653,10.67098327950843,0.0008778348767624503,0,14.0,14.0,14.0,0.0,none,none,-1,1.0,2.5,0.0,39.0,0.9,0.05,0.05,1.3841498341696787,set_cost_weights,agent,"Prepared for evening temperature rise and on-peak tariff, slightly raising comfort weight.","Prepared for evening temperature rise and on-peak tariff, slightly raising comfort weight.",1.0,2.5,0.0,39.0,0.9,0.05,0.05,1.3841498341696787
2026-04-02 04:30:00,proactive,2026-04-02 04:25:00,2026-04-02 04:29:00,37.73684900786588,39.0,1.2797356813617342,1.2797356813617342,1.2927074632505864,11.108186324141261,0.06478589384246365,11.197629472501937,0.0009256821936784386,0,14.0,14.0,14.0,0.0,none,none,-1,1.0,2.5,0.0,39.0,0.9,0.05,0.05,1.4744149473100632,set_cost_weights,agent,Raising comfort weight to prepare for evening high temperature demand and improving sleep stability.,Raising comfort weight to prepare for evening high temperature demand and improving sleep stability.,1.0,2.5,0.0,39.0,0.9,0.05,0.05,1.4744149473100632
2026-04-02 04:40:00,proactive,2026-04-02 04:35:00,2026-04-02 04:39:00,37.905835244304825,39.0,1.1348170419496881,1.1348170419496881,1.1739264126098021,11.467575366028798,0.038110221822185375,11.519828772527854,0.0009556312805024,0,14.0,14.0,14.0,0.0,none,none,-1,1.0,2.5,0.0,39.0,0.9,0.05,0.05,1.159506920090925,set_cost_weights,agent,Raising comfort weight to prepare for evening high temperature demand and ensuring stability during sleep period.,Raising comfort weight to prepare for evening high temperature demand and ensuring stability during sleep period.,1.0,2.5,0.0,39.0,0.9,0.05,0.05,1.159506920090925
2026-04-02 04:50:00,proactive,2026-04-02 04:45:00,2026-04-02 04:49:00,38.13895163264557,39.0,0.9093645664932112,0.9093645664932112,0.9574519605804142,11.664711801583293,0.01880951793538748,11.690167160148484,0.0009720593167986078,0,14.0,14.0,14.0,0.0,none,none,-1,1.0,2.5,0.0,39.0,0.9,0.05,0.05,0.7447356400879812,set_cost_weights,agent,"Prepared for evening temperature rise and on-peak tariff, slightly raising comfort weight.","Prepared for evening temperature rise and on-peak tariff, slightly raising comfort weight.",1.0,2.5,0.0,39.0,0.9,0.05,0.05,0.7447356400879812
2026-04-02 05:00:00,proactive,2026-04-02 04:55:00,2026-04-02 04:59:00,38.37626962807514,39.0,0.6698898371633902,0.6698898371633902,0.7165571776036259,11.74894064273533,0.005991134363463888,11.756671227740478,0.0009790783868946107,0,14.0,20.21,14.101803278688525,6.210000000000001,none,none,-1,1.0,2.5,0.0,39.0,0.9,0.05,0.05,0.40436670257285096,set_cost_weights,agent,Raising comfort weight to prepare for evening high temperature demand and improving stability during sleep period.,Raising comfort weight to prepare for evening high temperature demand and improving stability during sleep period.,1.0,2.5,0.0,39.0,0.9,0.05,0.05,0.40436670257285096
2026-04-02 05:10:00,proactive,2026-04-02 05:05:00,2026-04-02 05:09:00,38.58500382280384,39.0,0.4539960757349107,0.4539960757349107,0.4938341477336152,11.761482216814198,0.0017434593274412828,11.758672792747959,0.00098012351806785,0,14.0,20.21,15.119836065573773,6.210000000000001,none,none,-1,1.0,2.5,0.0,39.0,0.9,0.05,0.05,0.18599125561191476,set_cost_weights,agent,Raising comfort weight to prepare for evening high temperature demand and ensuring stability during sleep preference.,Raising comfort weight to prepare for evening high temperature demand and ensuring stability during sleep preference.,1.0,2.5,0.0,39.0,0.9,0.05,0.05,0.18599125561191476
2026-04-02 05:20:00,proactive,2026-04-02 05:15:00,2026-04-02 05:19:00,38.751231910761604,39.0,0.27884760874854775,0.27884760874854775,0.30983405287673804,11.733828686514075,0.005619682424341052,11.725714269344728,0.0009778190572095062,0,14.0,20.21,16.13786885245902,6.210000000000001,none,none,-1,1.0,2.5,0.0,39.0,0.9,0.05,0.05,0.07046930731904516,set_cost_weights,agent,Raising comfort weight to prepare for evening high temperature demand and ensuring stability during sleep period.,Raising comfort weight to prepare for evening high temperature demand and ensuring stability during sleep period.,1.0,2.5,0.0,39.0,0.9,0.05,0.05,0.07046930731904516
2026-04-02 05:30:00,proactive,2026-04-02 05:25:00,2026-04-02 05:29:00,38.8280644038951,39.0,0.0,0.0,0.0,11.50458238495371,0.0,11.50458238495371,0.0009587151987461427,0,14.0,20.21,17.155901639344265,6.210000000000001,none,none,-1,1.0,2.5,0.0,39.0,0.9,0.05,0.05,0.0004793575993730714,set_cost_weights,agent,"Prepared for evening temperature rise and on-peak tariff, slightly increasing comfort weight.","Prepared for evening temperature rise and on-peak tariff, slightly increasing comfort weight.",1.0,2.5,0.0,39.0,0.9,0.05,0.05,0.0004793575993730714
2026-04-02 05:40:00,proactive,2026-04-02 05:35:00,2026-04-02 05:39:00,38.86092823359207,39.0,0.0,0.0,0.0,11.50458238495371,0.0,11.50458238495371,0.0009587151987461427,0,14.0,20.21,18.17393442622951,6.210000000000001,none,none,-1,1.0,2.5,0.0,39.0,0.9,0.05,0.05,0.0004793575993730714,set_cost_weights,agent,Raising comfort weight to prepare for evening high temperature demand and ensuring stability during sleep hours.,Raising comfort weight to prepare for evening high temperature demand and ensuring stability during sleep hours.,1.0,2.5,0.0,39.0,0.9,0.05,0.05,0.0004793575993730714
2026-04-02 05:50:00,proactive,2026-04-02 05:45:00,2026-04-02 05:49:00,38.88807323332818,39.0,0.0,0.0,0.0,11.50458238495371,0.0,11.50458238495371,0.0009587151987461427,0,14.0,20.21,19.19196721311476,6.210000000000001,none,none,-1,1.0,2.5,0.0,39.0,0.9,0.05,0.05,0.0004793575993730714,set_cost_weights,agent,Raising comfort weight to prepare for evening high temperature demand and ensuring stability during sleep period.,Raising comfort weight to prepare for evening high temperature demand and ensuring stability during sleep period.,1.0,2.5,0.0,39.0,0.9,0.05,0.05,0.0004793575993730714
2026-04-02 06:00:00,proactive,2026-04-02 05:55:00,2026-04-02 05:59:00,38.910494570630206,39.0,0.0,0.0,0.0,11.50458238495371,0.0,11.50458238495371,0.0009587151987461427,0,20.21,20.55,20.215573770491808,0.33999999999999986,none,none,-1,1.0,2.5,0.0,39.0,0.9,0.05,0.05,0.0004793575993730714,set_cost_weights,agent,Raising comfort weight to prepare for evening high temperature demand and ensuring stability during sleep period.,Raising comfort weight to prepare for evening high temperature demand and ensuring stability during sleep period.,1.0,2.5,0.0,39.0,0.9,0.05,0.05,0.0004793575993730714
2026-04-02 06:10:00,proactive,2026-04-02 06:05:00,2026-04-02 06:09:00,39.65916378561075,38.5,1.0539182290619167,-1.0539182290619167,1.159163785610751,10.176433192051316,0.14199358615404645,9.978757247615178,0.0008480360993376097,0,20.21,20.55,20.271311475409835,0.33999999999999986,none,none,-1,1.0,2.5,0.0,38.5,0.9,0.05,0.05,1.0000982527691078,set_cost_weights,agent,"Increased outdoor temperature and upcoming on-peak hours suggest raising energy cost weight to manage higher electricity prices, while slightly increasing comfort weight to prepare for evening high demand.","Increased outdoor temperature and upcoming on-peak hours suggest raising energy cost weight to manage higher electricity prices, while slightly increasing comfort weight to prepare for evening high demand.",1.0,2.5,0.0,38.5,0.9,0.05,0.05,1.0000982527691078
2026-04-02 06:20:00,proactive,2026-04-02 06:15:00,2026-04-02 06:19:00,39.90158912842829,38.5,1.3788489332459775,-1.3788489332459775,1.4015891284282915,9.323398434920035,0.10007548470242708,9.184672884810091,0.0007769498695766695,0,20.21,20.55,20.327049180327865,0.33999999999999986,none,none,-1,1.0,2.5,0.0,38.5,0.9,0.05,0.05,1.7114928835918095,set_cost_weights,agent,Raising comfort weight to prepare for evening high temperature demand and improving stability during sleep period.,Raising comfort weight to prepare for evening high temperature demand and improving stability during sleep period.,1.0,2.5,0.0,38.5,0.9,0.05,0.05,1.7114928835918095
2026-04-02 06:30:00,proactive,2026-04-02 06:25:00,2026-04-02 06:29:00,39.84984105707847,38.5,1.3744412084300337,-1.3744412084300337,1.395595612080058,8.745921277182337,0.06452035336003897,8.656938940305015,0.000728826773098528,0,20.21,20.55,20.3827868852459,0.33999999999999986,none,none,-1,1.0,2.5,0.0,38.5,0.9,0.05,0.05,1.7005452102974292,set_cost_weights,agent,"Increased outdoor temperature and upcoming on-peak hours suggest raising energy cost weight to manage costs, while maintaining a strong comfort focus.","Increased outdoor temperature and upcoming on-peak hours suggest raising energy cost weight to manage costs, while maintaining a strong comfort focus.",1.0,2.5,0.0,38.5,0.9,0.05,0.05,1.7005452102974292
2026-04-02 06:40:00,proactive,2026-04-02 06:35:00,2026-04-02 06:39:00,39.64656430916227,38.5,1.193434535013124,-1.193434535013124,1.2389457602175966,8.39173828939548,0.037009568917703385,8.341080942790157,0.0006993115241162901,0,20.21,20.55,20.43852459016393,0.33999999999999986,none,none,-1,1.0,2.5,0.0,38.5,0.9,0.05,0.05,1.282207383450563,set_cost_weights,agent,Raising comfort weight to prepare for evening high temperature demand and ensuring stability during sleep period.,Raising comfort weight to prepare for evening high temperature demand and ensuring stability during sleep period.,1.0,2.5,0.0,38.5,0.9,0.05,0.05,1.282207383450563
2026-04-02 06:50:00,proactive,2026-04-02 06:45:00,2026-04-02 06:49:00,39.38819055628701,38.5,0.9409495520934129,-0.9409495520934129,0.9936487681900985,8.203712252583465,0.017403391094147628,8.180256236150278,0.0006836426877152887,0,20.21,20.55,20.49426229508196,0.33999999999999986,none,none,-1,1.0,2.5,0.0,38.5,0.9,0.05,0.05,0.7971893495477094,set_cost_weights,agent,Raising comfort weight to prepare for evening high temperature demand and improving stability during sleep period.,Raising comfort weight to prepare for evening high temperature demand and improving stability during sleep period.,1.0,2.5,0.0,38.5,0.9,0.05,0.05,0.7971893495477094
2026-04-02 07:00:00,proactive,2026-04-02 06:55:00,2026-04-02 06:59:00,39.133757381075505,38.5,0.6828272539411259,-0.6828272539411259,0.7325440491516204,8.129510128025027,0.004609167543873466,8.123735982425528,0.0006774591773354189,0,20.55,21.25,20.561475409836063,0.6999999999999993,none,none,-1,1.0,2.5,0.0,38.5,0.9,0.05,0.05,0.4199664876719752,set_cost_weights,agent,Raising comfort weight to prepare for evening high temperature demand and adjusting energy weight in anticipation of on-peak hours.,Raising comfort weight to prepare for evening high temperature demand and adjusting energy weight in anticipation of on-peak hours.,1.0,2.5,0.0,38.5,0.9,0.05,0.05,0.4199664876719752
2026-04-02 07:10:00,proactive,2026-04-02 07:05:00,2026-04-02 07:09:00,38.962574754670165,38.5,0.49602222917757927,-0.49602222917757927,0.5297989386073212,8.076897410287668,0.004979648095898936,8.07041036568184,0.0006730747841906389,0,20.55,21.25,20.67622950819672,0.6999999999999993,none,none,-1,1.0,2.5,0.0,38.5,0.9,0.05,0.05,0.22177079015229062,set_cost_weights,agent,Raising comfort weight to prepare for evening high temperature demand and adjusting energy weight in anticipation of on-peak hours.,Raising comfort weight to prepare for evening high temperature demand and adjusting energy weight in anticipation of on-peak hours.,1.0,2.5,0.0,38.5,0.9,0.05,0.05,0.22177079015229062
2026-04-02 07:20:00,proactive,2026-04-02 07:15:00,2026-04-02 07:19:00,38.810364247518024,38.5,0.33889601321492935,-0.33889601321492935,0.3680162856787703,8.064184081041995,0.0008817484990126563,8.06567565694672,0.0006720153400868329,0,20.55,21.25,20.790983606557376,0.6999999999999993,none,none,-1,1.0,2.5,0.0,38.5,0.9,0.05,0.05,0.10370146485715834,set_cost_weights,agent,Raising comfort weight to prepare for evening high temperature demand and adjusting energy weight in anticipation of on-peak hours.,Raising comfort weight to prepare for evening high temperature demand and adjusting energy weight in anticipation of on-peak hours.,1.0,2.5,0.0,38.5,0.9,0.05,0.05,0.10370146485715834
2026-04-02 07:30:00,proactive,2026-04-02 07:25:00,2026-04-02 07:29:00,38.69667451746595,38.5,0.13291190661626331,-0.13291190661626331,0.23315233446074046,8.164399360379853,0.1041708099496565,8.291966240379177,0.0006803666133649877,0,20.55,21.25,20.90573770491803,0.6999999999999993,none,none,-1,1.0,2.5,0.0,38.5,0.9,0.05,0.05,0.01624187270981307,set_cost_weights,agent,Raising energy weight to prepare for the on-peak period at 16:30 and evening comfort demand at 18:00.,Raising energy weight to prepare for the on-peak period at 16:30 and evening comfort demand at 18:00.,1.0,2.5,0.0,38.5,0.9,0.05,0.05,0.01624187270981307
2026-04-02 07:40:00,proactive,2026-04-02 07:35:00,2026-04-02 07:39:00,38.67655027841514,38.5,0.0,0.0,0.0,8.291966240379177,0.0,8.291966240379177,0.0006909971866982648,0,20.55,21.25,21.020491803278688,0.6999999999999993,none,none,-1,1.0,2.5,0.0,38.5,0.9,0.05,0.05,0.00034549859334913243,set_cost_weights,agent,Raising comfort weight to prepare for evening high temperature demand and ensuring stability during sleep period.,Raising comfort weight to prepare for evening high temperature demand and ensuring stability during sleep period.,1.0,2.5,0.0,38.5,0.9,0.05,0.05,0.00034549859334913243
2026-04-02 07:50:00,proactive,2026-04-02 07:45:00,2026-04-02 07:49:00,38.659927977582875,38.5,0.0,0.0,0.0,8.291966240379177,0.0,8.291966240379177,0.0006909971866982648,0,20.55,21.25,21.135245901639344,0.6999999999999993,none,none,-1,1.0,2.5,0.0,38.5,0.9,0.05,0.05,0.00034549859334913243,set_cost_weights,agent,Raising comfort weight to prepare for evening high temperature demand and ensuring stability during sleep period.,Raising comfort weight to prepare for evening high temperature demand and ensuring stability during sleep period.,1.0,2.5,0.0,38.5,0.9,0.05,0.05,0.00034549859334913243
2026-04-02 08:00:00,proactive,2026-04-02 07:55:00,2026-04-02 07:59:00,38.646198221925495,38.5,0.0,0.0,0.0,8.291966240379177,0.0,8.291966240379177,0.0006909971866982648,0,21.25,21.99,21.262131147540984,0.7399999999999984,none,none,-1,1.0,2.5,0.0,38.5,0.9,0.05,0.05,0.00034549859334913243,set_cost_weights,agent,"Increased outdoor temperature and upcoming on-peak hours suggest raising energy cost weight to save costs, while maintaining a high comfort priority due to evening stability preference.","Increased outdoor temperature and upcoming on-peak hours suggest raising energy cost weight to save costs, while maintaining a high comfort priority due to evening stability preference.",1.0,2.5,0.0,38.5,0.9,0.05,0.05,0.00034549859334913243
2026-04-02 08:10:00,proactive,2026-04-02 08:05:00,2026-04-02 08:09:00,38.71034639016996,38.5,0.20872804464202516,-0.20872804464202516,0.21034639016995982,8.048729476463786,0.013789533306581038,8.029631862647658,0.0006707274563719821,0,21.25,21.99,21.38344262295082,0.7399999999999984,none,none,-1,1.0,2.5,0.0,38.5,0.9,0.05,0.05,0.03954606750712366,set_cost_weights,agent,Raising comfort weight to prepare for evening high temperature demand and ensuring stability during sleep period.,Raising comfort weight to prepare for evening high temperature demand and ensuring stability during sleep period.,1.0,2.5,0.0,38.5,0.9,0.05,0.05,0.03954606750712366
2026-04-02 08:20:00,proactive,2026-04-02 08:15:00,2026-04-02 08:19:00,38.70520186331231,38.5,0.16312112836896234,-0.16312112836896234,0.20539026453420206,8.011229923267148,0.08032095798107756,7.957255129395966,0.0006676024936055955,0,21.25,21.99,21.50475409836066,0.7399999999999984,none,none,-1,1.0,2.5,0.0,38.5,0.9,0.05,0.05,0.024283042054690666,set_cost_weights,agent,Raising comfort weight to prepare for evening high temperature demand and adjusting energy weight in anticipation of on-peak hours.,Raising comfort weight to prepare for evening high temperature demand and adjusting energy weight in anticipation of on-peak hours.,1.0,2.5,0.0,38.5,0.9,0.05,0.05,0.024283042054690666
2026-04-02 08:30:00,proactive,2026-04-02 08:25:00,2026-04-02 08:29:00,38.70183877209036,38.5,0.12124298453458096,-0.12124298453458096,0.20230703147959872,8.000721596628264,0.1012276705411286,7.910026066144811,0.0006667267997190218,0,21.25,21.99,21.626065573770493,0.7399999999999984,none,none,-1,1.0,2.5,0.0,38.5,0.9,0.05,0.05,0.013565761693796584,set_cost_weights,agent,Raising comfort weight to prepare for evening high temperature demand and adjusting energy weight in anticipation of on-peak hours.,Raising comfort weight to prepare for evening high temperature demand and adjusting energy weight in anticipation of on-peak hours.,1.0,2.5,0.0,38.5,0.9,0.05,0.05,0.013565761693796584
2026-04-02 08:40:00,proactive,2026-04-02 08:35:00,2026-04-02 08:39:00,38.69940818906891,38.5,0.040529513496007044,-0.040529513496007044,0.2026475674800352,8.049477894415237,0.08283387159156728,8.086629948453242,0.000670789824534603,0,21.25,21.99,21.747377049180326,0.7399999999999984,none,none,-1,1.0,2.5,0.0,38.5,0.9,0.05,0.05,0.0018154617222890938,set_cost_weights,agent,Raising comfort weight to prepare for evening high temperature demand and adjusting energy weight in anticipation of on-peak hours.,Raising comfort weight to prepare for evening high temperature demand and adjusting energy weight in anticipation of on-peak hours.,1.0,2.5,0.0,38.5,0.9,0.05,0.05,0.0018154617222890938
2026-04-02 08:50:00,proactive,2026-04-02 08:45:00,2026-04-02 08:49:00,38.694778921094446,38.5,0.04031986942451056,-0.04031986942451056,0.20159934712255279,8.026187690479965,0.08322334251613256,8.061467576226411,0.0006688489742066637,0,21.25,21.99,21.868688524590166,0.7399999999999984,none,none,-1,1.0,2.5,0.0,38.5,0.9,0.05,0.05,0.0017992525874592272,set_cost_weights,agent,Raising comfort weight to prepare for evening high temperature demand and adjusting energy weight in anticipation of on-peak hours.,Raising comfort weight to prepare for evening high temperature demand and adjusting energy weight in anticipation of on-peak hours.,1.0,2.5,0.0,38.5,0.9,0.05,0.05,0.0017992525874592272
2026-04-02 09:00:00,proactive,2026-04-02 08:55:00,2026-04-02 08:59:00,38.7000772024813,38.5,0.04001544049626062,-0.04001544049626062,0.20007720248130312,8.011408215726416,0.08336550103387594,7.844677213658665,0.0006676173513105348,0,21.99,22.72,22.001967213114757,0.7300000000000004,none,none,-1,1.0,2.5,0.0,38.5,0.9,0.05,0.05,0.0017766318541566203,set_cost_weights,agent,Raising comfort weight to prepare for evening high temperature demand and adjusting energy weight in anticipation of on-peak hours.,Raising comfort weight to prepare for evening high temperature demand and adjusting energy weight in anticipation of on-peak hours.,1.0,2.5,0.0,38.5,0.9,0.05,0.05,0.0017766318541566203
2026-04-02 09:10:00,proactive,2026-04-02 09:05:00,2026-04-02 09:09:00,38.73626425993705,38.5,0.23319368956579895,-0.23319368956579895,0.2362642599370517,7.737360108553436,0.016347011697221667,7.714707194017098,0.0006447800090461196,0,21.99,22.72,22.1216393442623,0.7300000000000004,none,none,-1,1.0,2.5,0.0,38.5,0.9,0.05,0.05,0.04926382297115819,set_cost_weights,agent,Raising comfort weight to prepare for evening high temperature demand and adjusting energy weight in anticipation of on-peak hours.,Raising comfort weight to prepare for evening high temperature demand and adjusting energy weight in anticipation of on-peak hours.,1.0,2.5,0.0,38.5,0.9,0.05,0.05,0.04926382297115819
2026-04-02 09:20:00,proactive,2026-04-02 09:15:00,2026-04-02 09:19:00,38.725024394710644,38.5,0.2295513911882452,-0.2295513911882452,0.23352968264598672,7.643328269673525,0.010463934362989383,7.628903350222516,0.0006369440224727938,0,21.99,22.72,22.241311475409837,0.7300000000000004,none,none,-1,1.0,2.5,0.0,38.5,0.9,0.05,0.05,0.04774295604869499,set_cost_weights,agent,Raising comfort weight to prepare for evening high temperature demand and setting response weight higher due to upcoming on-peak hours.,Raising comfort weight to prepare for evening high temperature demand and setting response weight higher due to upcoming on-peak hours.,1.0,2.5,0.0,38.5,0.9,0.05,0.05,0.04774295604869499
2026-04-02 09:30:00,proactive,2026-04-02 09:25:00,2026-04-02 09:29:00,38.69803310668911,38.5,0.12193607436123984,-0.12193607436123984,0.20557451827505702,7.66834230857751,0.09763349722811658,7.783538686140309,0.0006390285257147924,0,21.99,22.72,22.360983606557376,0.7300000000000004,none,none,-1,1.0,2.5,0.0,38.5,0.9,0.05,0.05,0.013703427004873224,set_cost_weights,agent,Raising comfort weight due to evening high temperature demand and sleep stability preference in the forecast.,Raising comfort weight due to evening high temperature demand and sleep stability preference in the forecast.,1.0,2.5,0.0,38.5,0.9,0.05,0.05,0.013703427004873224
2026-04-02 09:40:00,proactive,2026-04-02 09:35:00,2026-04-02 09:39:00,38.69809578221621,38.5,0.08082559054168854,-0.08082559054168854,0.20321907743905143,7.6724125710356335,0.09837340596603057,7.749889680322831,0.0006393677142529694,0,21.99,22.72,22.480655737704918,0.7300000000000004,none,none,-1,1.0,2.5,0.0,38.5,0.9,0.05,0.05,0.0062015651793426866,set_cost_weights,agent,"Increased outdoor temperature and on-peak hours ahead suggest raising energy cost weight to save costs during peak times, while maintaining a high comfort priority.","Increased outdoor temperature and on-peak hours ahead suggest raising energy cost weight to save costs during peak times, while maintaining a high comfort priority.",1.0,2.5,0.0,38.5,0.9,0.05,0.05,0.0062015651793426866
2026-04-02 09:50:00,proactive,2026-04-02 09:45:00,2026-04-02 09:49:00,38.6951750881491,38.5,0.04037325635671465,-0.04037325635671465,0.20186628178357324,7.689363764453892,0.08333353729126729,7.724690363766019,0.0006407803137044912,0,21.99,22.72,22.60032786885246,0.7300000000000004,none,none,-1,1.0,2.5,0.0,38.5,0.9,0.05,0.05,0.001789099939023881,set_cost_weights,agent,Raising energy weight due to upcoming on-peak hours and adjusting comfort slightly for the evening high temperature demand event.,Raising energy weight due to upcoming on-peak hours and adjusting comfort slightly for the evening high temperature demand event.,1.0,2.5,0.0,38.5,0.9,0.05,0.05,0.001789099939023881
2026-04-02 10:00:00,proactive,2026-04-02 09:55:00,2026-04-02 09:59:00,38.69301733622343,38.5,0.04006036886354423,-0.04006036886354423,0.20030184431772113,7.672944963432758,0.08268771320044592,7.707997786188359,0.0006394120802860631,0,22.72,23.72,22.73639344262295,1.0,none,none,-1,1.0,2.5,0.0,38.5,0.9,0.05,0.05,0.0017657394136215635,set_cost_weights,agent,"Increased outdoor temperature and upcoming on-peak hours suggest raising energy cost weight to save costs, while maintaining high comfort priority.","Increased outdoor temperature and upcoming on-peak hours suggest raising energy cost weight to save costs, while maintaining high comfort priority.",1.0,2.5,0.0,38.5,0.9,0.05,0.05,0.0017657394136215635
2026-04-02 10:10:00,proactive,2026-04-02 10:05:00,2026-04-02 10:09:00,38.73662020725055,38.5,0.23372353561096304,-0.23372353561096304,0.236620207250553,7.399784046893809,0.01624931876115757,7.377268313564088,0.0006166486705744841,0,22.72,23.72,22.90032786885246,1.0,none,none,-1,1.0,2.5,0.0,38.5,0.9,0.05,0.05,0.049472411338482125,set_cost_weights,agent,Raising comfort weight due to evening high temperature demand at 2026-04-02T18:00 and lowering energy weight as on-peak hours are approaching.,Raising comfort weight due to evening high temperature demand at 2026-04-02T18:00 and lowering energy weight as on-peak hours are approaching.,1.0,2.5,0.0,38.5,0.9,0.05,0.05,0.049472411338482125
2026-04-02 10:20:00,proactive,2026-04-02 10:15:00,2026-04-02 10:19:00,38.724774327571176,38.5,0.22939713005290088,-0.22939713005290088,0.23347792382950416,7.3063859540995555,0.010383221236041497,7.292073826171405,0.0006088654961749629,0,22.72,23.72,23.064262295081967,1.0,none,none,-1,1.0,2.5,0.0,38.5,0.9,0.05,0.05,0.04766519824327438,set_cost_weights,agent,"Increased outdoor temperature and upcoming on-peak hours suggest raising energy weight to save costs, while maintaining a focus on comfort.","Increased outdoor temperature and upcoming on-peak hours suggest raising energy weight to save costs, while maintaining a focus on comfort.",1.0,2.5,0.0,38.5,0.9,0.05,0.05,0.04766519824327438
2026-04-02 10:30:00,proactive,2026-04-02 10:25:00,2026-04-02 10:29:00,38.69746836116878,38.5,0.1216391216713248,-0.1216391216713248,0.20511810638711125,7.331679465239413,0.09739439097966013,7.446596571987646,0.000610973288769951,0,22.72,23.72,23.228196721311477,1.0,none,none,-1,1.0,2.5,0.0,38.5,0.9,0.05,0.05,0.013624290625433848,set_cost_weights,agent,Prepared for the evening temperature rise and on-peak tariff period by slightly raising comfort weight.,Prepared for the evening temperature rise and on-peak tariff period by slightly raising comfort weight.,1.0,2.5,0.0,38.5,0.9,0.05,0.05,0.013624290625433848
2026-04-02 10:40:00,proactive,2026-04-02 10:35:00,2026-04-02 10:39:00,38.69729086665001,38.5,0.08052336277533527,-0.08052336277533527,0.2024817827085883,7.335875311910388,0.09800534539051634,7.413063090832921,0.0006113229426591989,0,22.72,23.72,23.392131147540987,1.0,none,none,-1,1.0,2.5,0.0,38.5,0.9,0.05,0.05,0.006143637275859867,set_cost_weights,agent,Prepared for the upcoming on-peak period and evening high temperature demand by slightly raising energy cost weight.,Prepared for the upcoming on-peak period and evening high temperature demand by slightly raising energy cost weight.,1.0,2.5,0.0,38.5,0.9,0.05,0.05,0.006143637275859867
2026-04-02 10:50:00,proactive,2026-04-02 10:45:00,2026-04-02 10:49:00,38.694237183996556,38.5,0.04018349302844513,-0.04018349302844513,0.20091746514222564,7.352703063813054,0.08294185104101442,7.3878636202129435,0.0006127252553177544,0,22.72,23.72,23.556065573770493,1.0,none,none,-1,1.0,2.5,0.0,38.5,0.9,0.05,0.05,0.0017612983282517612,set_cost_weights,agent,Prepared for evening temperature rise and on-peak tariff period.,Prepared for evening temperature rise and on-peak tariff period.,1.0,2.5,0.0,38.5,0.9,0.05,0.05,0.0017612983282517612
2026-04-02 11:00:00,proactive,2026-04-02 10:55:00,2026-04-02 10:59:00,38.700546411731146,38.5,0.040109282346229236,-0.040109282346229236,0.20054641173114618,7.337711356155138,0.08356100488797757,7.170589346379184,0.0006114759463462616,0,23.72,27.34,23.77934426229508,3.620000000000001,none,none,-1,1.0,2.5,0.0,38.5,0.9,0.05,0.05,0.0017553363343202246,set_cost_weights,agent,Prepared for the upcoming on-peak period and evening high temperature demand by slightly raising energy cost weight.,Prepared for the upcoming on-peak period and evening high temperature demand by slightly raising energy cost weight.,1.0,2.5,0.0,38.5,0.9,0.05,0.05,0.0017553363343202246
2026-04-02 11:10:00,proactive,2026-04-02 11:05:00,2026-04-02 11:09:00,38.77398134401561,38.5,0.2652897764714822,-0.2652897764714822,0.2739813440156098,7.024909938304106,0.02247218826163008,6.993717285873425,0.0005854091615253422,0,23.72,27.34,24.372786885245894,3.620000000000001,none,none,-1,1.0,2.5,0.0,38.5,0.9,0.05,0.05,0.06363362787678953,set_cost_weights,agent,Prepared for evening temperature rise and optimized cost savings during on-peak hours.,Prepared for evening temperature rise and optimized cost savings during on-peak hours.,1.0,2.5,0.0,38.5,0.9,0.05,0.05,0.06363362787678953
2026-04-02 11:20:00,proactive,2026-04-02 11:15:00,2026-04-02 11:19:00,38.77787737748435,38.5,0.28056960327183444,-0.28056960327183444,0.28240931831568616,6.893581545942891,0.014907212019826225,6.8729876239257255,0.0005744651288285741,0,23.72,27.34,24.966229508196715,3.620000000000001,none,none,-1,1.0,2.5,0.0,38.5,0.9,0.05,0.05,0.07113465933488496,set_cost_weights,agent,Prepared for the upcoming evening temperature rise and increased energy cost during on-peak hours.,Prepared for the upcoming evening temperature rise and increased energy cost during on-peak hours.,1.0,2.5,0.0,38.5,0.9,0.05,0.05,0.07113465933488496
2026-04-02 11:30:00,proactive,2026-04-02 11:25:00,2026-04-02 11:29:00,38.743857705617984,38.5,0.2523240812448222,-0.2523240812448222,0.2604107409257779,6.810367277877226,0.008900471788414388,6.798151660812566,0.0005675306064897688,0,23.72,27.34,25.559672131147536,3.620000000000001,none,none,-1,1.0,2.5,0.0,38.5,0.9,0.05,0.05,0.05758448258759934,set_cost_weights,agent,"Prepare for the evening temperature rise and upcoming on-peak hours by slightly raising comfort weight to ensure user comfort, while reducing energy cost weight due to higher tariffs.","Prepare for the evening temperature rise and upcoming on-peak hours by slightly raising comfort weight to ensure user comfort, while reducing energy cost weight due to higher tariffs.",1.0,2.5,0.0,38.5,0.9,0.05,0.05,0.05758448258759934
2026-04-02 11:40:00,proactive,2026-04-02 11:35:00,2026-04-02 11:39:00,38.70240367871252,38.5,0.16621673055520175,-0.16621673055520175,0.21473086267073427,6.805217472759734,0.08149415977715846,6.75713105486128,0.0005671014560633112,0,23.72,27.34,26.153114754098354,3.620000000000001,none,none,-1,1.0,2.5,0.0,38.5,0.9,0.05,0.05,0.02515038737707582,set_cost_weights,agent,Prepared for evening temperature rise and optimized cost savings during on-peak hours.,Prepared for evening temperature rise and optimized cost savings during on-peak hours.,1.0,2.5,0.0,38.5,0.9,0.05,0.05,0.02515038737707582
2026-04-02 11:50:00,proactive,2026-04-02 11:45:00,2026-04-02 11:49:00,38.69414431205733,38.5,0.08053959643467579,-0.08053959643467579,0.20215593590475578,6.858779131453777,0.09939243855095431,6.934305176731738,0.0005715649276211481,0,23.72,27.34,26.746557377049175,3.620000000000001,none,none,-1,1.0,2.5,0.0,38.5,0.9,0.05,0.05,0.006126178865343415,set_cost_weights,agent,"Prepare for the evening temperature rise and upcoming on-peak hours by slightly raising comfort weight to ensure user comfort, while reducing energy weight due to higher tariffs.","Prepare for the evening temperature rise and upcoming on-peak hours by slightly raising comfort weight to ensure user comfort, while reducing energy weight due to higher tariffs.",1.0,2.5,0.0,38.5,0.9,0.05,0.05,0.006126178865343415
2026-04-02 12:00:00,proactive,2026-04-02 11:55:00,2026-04-02 11:59:00,38.69417999608758,38.5,0.04026319456086327,-0.04026319456086327,0.20131597280431635,6.882276424581309,0.08310636119509374,6.9175067198220646,0.0005735230353817758,0,27.34,27.77,27.34704918032786,0.4299999999999997,none,none,-1,1.0,2.5,0.0,38.5,0.9,0.05,0.05,0.001747474496294641,set_cost_weights,agent,Prepare for the on-peak period by raising energy cost weight and slightly increasing comfort to handle evening high temperature demand.,Prepare for the on-peak period by raising energy cost weight and slightly increasing comfort to handle evening high temperature demand.,1.0,2.5,0.0,38.5,0.9,0.05,0.05,0.001747474496294641
2026-04-02 12:10:00,proactive,2026-04-02 12:05:00,2026-04-02 12:09:00,39.147301796562374,38.5,0.5825659532143291,-0.5825659532143291,0.647301796562374,6.1877445303963565,0.08337917512774128,6.0716346531018,0.0005156453775330296,0,27.34,27.77,27.417540983606553,0.4299999999999997,none,none,-1,1.0,2.5,0.0,38.5,0.9,0.05,0.05,0.30570431535846077,set_cost_weights,agent,Prepared for evening temperature rise and on-peak tariff period.,Prepared for evening temperature rise and on-peak tariff period.,1.0,2.5,0.0,38.5,0.9,0.05,0.05,0.30570431535846077
2026-04-02 12:20:00,proactive,2026-04-02 12:15:00,2026-04-02 12:19:00,39.30235836405211,38.5,0.7866867549853268,-0.7866867549853268,0.802358364052111,5.685485376137651,0.05910779441247054,5.6035236601270455,0.0004737904480114708,0,27.34,27.77,27.488032786885245,0.4299999999999997,none,none,-1,1.0,2.5,0.0,38.5,0.9,0.05,0.05,0.5572262009065221,set_cost_weights,agent,Increased evening temperature and upcoming on-peak hours suggest raising comfort weight to prepare for higher indoor temperatures and cost savings.,Increased evening temperature and upcoming on-peak hours suggest raising comfort weight to prepare for higher indoor temperatures and cost savings.,1.0,2.5,0.0,38.5,0.9,0.05,0.05,0.5572262009065221
2026-04-02 12:30:00,proactive,2026-04-02 12:25:00,2026-04-02 12:29:00,39.281490885376705,38.5,0.7942508401432334,-0.7942508401432334,0.8049264054778504,5.343374785761073,0.03836964307842283,5.2904360356280735,0.00044528123214675614,0,27.34,27.77,27.558524590163938,0.4299999999999997,none,none,-1,1.0,2.5,0.0,38.5,0.9,0.05,0.05,0.5679739604839791,set_cost_weights,agent,"Increased comfort weight due to evening high temperature demand at 18:00, and slightly raised energy cost weight for on-peak hours.","Increased comfort weight due to evening high temperature demand at 18:00, and slightly raised energy cost weight for on-peak hours.",1.0,2.5,0.0,38.5,0.9,0.05,0.05,0.5679739604839791
2026-04-02 12:40:00,proactive,2026-04-02 12:35:00,2026-04-02 12:39:00,39.16869495329501,38.5,0.6950916259711519,-0.6950916259711519,0.7206390407470735,5.131882116396747,0.022227664866143963,5.101437066435015,0.00042765684303306236,0,27.34,27.77,27.629016393442626,0.4299999999999997,none,none,-1,1.0,2.5,0.0,38.5,0.9,0.05,0.05,0.435051081721652,set_cost_weights,agent,Increase comfort weight due to evening high temperature demand and upcoming stability preference at sleep time.,Increase comfort weight due to evening high temperature demand and upcoming stability preference at sleep time.,1.0,2.5,0.0,38.5,0.9,0.05,0.05,0.435051081721652
2026-04-02 12:50:00,proactive,2026-04-02 12:45:00,2026-04-02 12:49:00,39.021104968956706,38.5,0.5514069251694522,-0.5514069251694522,0.5816344559332194,5.018144631009778,0.010656984759765417,5.003757283556121,0.00041817871925081495,0,27.34,27.77,27.69950819672131,0.4299999999999997,none,none,-1,1.0,2.5,0.0,38.5,0.9,0.05,0.05,0.27385375473659507,set_cost_weights,agent,"Increased comfort weight due to evening high temperature demand at 18:00, and slightly raised energy cost weight as the on-peak period starts.","Increased comfort weight due to evening high temperature demand at 18:00, and slightly raised energy cost weight as the on-peak period starts.",1.0,2.5,0.0,38.5,0.9,0.05,0.05,0.27385375473659507
2026-04-02 13:00:00,proactive,2026-04-02 12:55:00,2026-04-02 12:59:00,38.873979280644924,38.5,0.4024438029789792,-0.4024438029789792,0.43126040392840537,4.971778204481343,0.0030546674374797938,4.967899220217155,0.00041431485037344526,0,27.77,28.74,27.785901639344264,0.9699999999999989,none,none,-1,1.0,2.5,0.0,38.5,0.9,0.05,0.05,0.14597207282331862,set_cost_weights,agent,Prepared for the upcoming on-peak hours and evening high temperature demand by slightly raising energy cost weight.,Prepared for the upcoming on-peak hours and evening high temperature demand by slightly raising energy cost weight.,1.0,2.5,0.0,38.5,0.9,0.05,0.05,0.14597207282331862
2026-04-02 13:10:00,proactive,2026-04-02 13:05:00,2026-04-02 13:09:00,38.80700964866102,38.5,0.32160416282140575,-0.32160416282140575,0.33595817985276,4.905346758148127,0.008509597969170498,4.893744188715322,0.0004087788965123439,0,27.77,28.74,27.944918032786887,0.9699999999999989,none,none,-1,1.0,2.5,0.0,38.5,0.9,0.05,0.05,0.09329072106819582,set_cost_weights,agent,Increased evening temperature and upcoming on-peak hours suggest raising comfort weight to prepare for higher outdoor temperatures and cost savings.,Increased evening temperature and upcoming on-peak hours suggest raising comfort weight to prepare for higher outdoor temperatures and cost savings.,1.0,2.5,0.0,38.5,0.9,0.05,0.05,0.09329072106819582
2026-04-02 13:20:00,proactive,2026-04-02 13:15:00,2026-04-02 13:19:00,38.73108057836378,38.5,0.24622657412092225,-0.24622657412092225,0.26144270969361116,4.863879340481608,0.0035561755667621975,4.8591390933060445,0.00040532327837346726,0,27.77,28.74,28.10393442622951,0.9699999999999989,none,none,-1,1.0,2.5,0.0,38.5,0.9,0.05,0.05,0.0547674379760945,set_cost_weights,agent,"Increased outdoor temperature and upcoming on-peak hours suggest raising energy cost weight to manage higher tariffs, while slightly reducing comfort weight to prepare for a period of stability.","Increased outdoor temperature and upcoming on-peak hours suggest raising energy cost weight to manage higher tariffs, while slightly reducing comfort weight to prepare for a period of stability.",1.0,2.5,0.0,38.5,0.9,0.05,0.05,0.0547674379760945
2026-04-02 13:30:00,proactive,2026-04-02 13:25:00,2026-04-02 13:29:00,38.70057721032391,38.5,0.04011544206478135,-0.04011544206478135,0.20057721032390674,5.013005126201766,0.08357383763496103,4.8458574509318435,0.0004177504271834804,0,27.77,28.74,28.262950819672135,0.9699999999999989,none,none,-1,1.0,2.5,0.0,38.5,0.9,0.05,0.05,0.0016589188484028529,set_cost_weights,agent,Prepared for the upcoming on-peak period and evening high temperature demand by slightly raising energy cost weight.,Prepared for the upcoming on-peak period and evening high temperature demand by slightly raising energy cost weight.,1.0,2.5,0.0,38.5,0.9,0.05,0.05,0.0016589188484028529
2026-04-02 13:40:00,proactive,2026-04-02 13:35:00,2026-04-02 13:39:00,38.692512749465436,38.5,0.04005681009118547,-0.04005681009118547,0.20028405045592734,5.003039783656966,0.08268036761785388,5.038089492486753,0.00041691998197141377,0,27.77,28.74,28.421967213114755,0.9699999999999989,none,none,-1,1.0,2.5,0.0,38.5,0.9,0.05,0.05,0.0016542364584412694,set_cost_weights,agent,Increased evening temperature and upcoming on-peak hours suggest raising comfort weight to prepare for higher outdoor temperatures and managing costs during peak times.,Increased evening temperature and upcoming on-peak hours suggest raising comfort weight to prepare for higher outdoor temperatures and managing costs during peak times.,1.0,2.5,0.0,38.5,0.9,0.05,0.05,0.0016542364584412694
2026-04-02 13:50:00,proactive,2026-04-02 13:45:00,2026-04-02 13:49:00,38.69823835338076,38.5,0.0,0.0,0.0,5.038089492486753,0.0,5.038089492486753,0.0004198407910405627,0,27.77,28.74,28.580983606557382,0.9699999999999989,none,none,-1,1.0,2.5,0.0,38.5,0.9,0.05,0.05,0.00020992039552028137,set_cost_weights,agent,"Increase comfort weight due to evening high temperature demand and sleep stability preference, while slightly reducing energy cost weight for on-peak hours.","Increase comfort weight due to evening high temperature demand and sleep stability preference, while slightly reducing energy cost weight for on-peak hours.",1.0,2.5,0.0,38.5,0.9,0.05,0.05,0.00020992039552028137
2026-04-02 14:00:00,proactive,2026-04-02 13:55:00,2026-04-02 13:59:00,38.693507751726784,38.5,0.0,0.0,0.0,5.029746193966141,0.0,5.029746193966141,0.0004191455161638451,0,28.74,25.95,28.69426229508197,-2.789999999999999,none,none,-1,1.0,2.5,0.0,38.5,0.9,0.05,0.05,0.00020957275808192256,set_cost_weights,agent,Prepare for upcoming on-peak hours and evening high temperature demand by raising energy cost weight.,Prepare for upcoming on-peak hours and evening high temperature demand by raising energy cost weight.,1.0,2.5,0.0,38.5,0.9,0.05,0.05,0.00020957275808192256
2026-04-02 14:10:00,proactive,2026-04-02 14:05:00,2026-04-02 14:09:00,38.76458869890456,38.5,0.2575506000172879,-0.2575506000172879,0.2645886989045607,4.692684221801336,0.020773019377992346,4.6638616359738165,0.00039105701848344475,0,28.74,25.95,28.23688524590164,-2.789999999999999,none,none,-1,1.0,2.5,0.0,38.5,0.9,0.05,0.05,0.05989471517417098,set_cost_weights,agent,"Raising comfort weight due to upcoming evening high temperature demand and sleep stability preference, while slightly reducing energy weight as the on-peak period approaches.","Raising comfort weight due to upcoming evening high temperature demand and sleep stability preference, while slightly reducing energy weight as the on-peak period approaches.",1.0,2.5,0.0,38.5,0.9,0.05,0.05,0.05989471517417098
2026-04-02 14:20:00,proactive,2026-04-02 14:15:00,2026-04-02 14:19:00,38.763878391317036,38.5,0.267153973948561,-0.267153973948561,0.26966339214784085,4.571745583737871,0.013663606342498334,4.552879075397475,0.00038097879864482266,0,28.74,25.95,27.77950819672131,-2.789999999999999,none,none,-1,1.0,2.5,0.0,38.5,0.9,0.05,0.05,0.06442465658580467,set_cost_weights,agent,Prepare for upcoming on-peak hours and evening high temperature demand by raising energy cost weight.,Prepare for upcoming on-peak hours and evening high temperature demand by raising energy cost weight.,1.0,2.5,0.0,38.5,0.9,0.05,0.05,0.06442465658580467
2026-04-02 14:30:00,proactive,2026-04-02 14:25:00,2026-04-02 14:29:00,38.72920012107607,38.5,0.23759835459927386,-0.23759835459927386,0.24566629947357654,4.495846381282975,0.008063561451831139,4.48478794338864,0.00037465386510691456,0,28.74,25.95,27.322131147540983,-2.789999999999999,none,none,-1,1.0,2.5,0.0,38.5,0.9,0.05,0.05,0.05099502324010867,set_cost_weights,agent,Increased energy cost during on-peak hours and upcoming evening high temperature demand justify raising the energy weight to save costs while maintaining comfort.,Increased energy cost during on-peak hours and upcoming evening high temperature demand justify raising the energy weight to save costs while maintaining comfort.,1.0,2.5,0.0,38.5,0.9,0.05,0.05,0.05099502324010867
2026-04-02 14:40:00,proactive,2026-04-02 14:35:00,2026-04-02 14:39:00,38.697146168935305,38.5,0.08067985601184376,-0.08067985601184376,0.20257165752474293,4.576705924768907,0.09960120723141574,4.652321489342633,0.000381392160397409,0,28.74,25.95,26.864754098360656,-2.789999999999999,none,none,-1,1.0,2.5,0.0,38.5,0.9,0.05,0.05,0.006051454026014253,set_cost_weights,agent,"Raising comfort weight due to upcoming evening high temperature demand and sleep stability preference, while slightly reducing energy weight as on-peak tariffs will be in effect.","Raising comfort weight due to upcoming evening high temperature demand and sleep stability preference, while slightly reducing energy weight as on-peak tariffs will be in effect.",1.0,2.5,0.0,38.5,0.9,0.05,0.05,0.006051454026014253
2026-04-02 14:50:00,proactive,2026-04-02 14:45:00,2026-04-02 14:49:00,38.696739155056974,38.5,0.04021645568697067,-0.04021645568697067,0.20108227843485338,4.590297756701824,0.08219404673018516,4.627162841081548,0.0003825248130584854,0,28.74,25.95,26.40737704918033,-2.789999999999999,none,none,-1,1.0,2.5,0.0,38.5,0.9,0.05,0.05,0.0016485528768406185,set_cost_weights,agent,Prepared for upcoming on-peak hours and evening comfort demand.,Prepared for upcoming on-peak hours and evening comfort demand.,1.0,2.5,0.0,38.5,0.9,0.05,0.05,0.0016485528768406185
2026-04-02 15:00:00,proactive,2026-04-02 14:55:00,2026-04-02 14:59:00,38.696259482072506,38.5,0.04011840677454757,-0.04011840677454757,0.20059203387273783,4.571996273389755,0.08113721167691411,4.61044307988203,0.00038099968944914624,0,25.95,26.0,25.950819672131146,0.05000000000000071,none,none,-1,1.0,2.5,0.0,38.5,0.9,0.05,0.05,0.0016406587410045471,set_cost_weights,agent,Prepared for evening temperature drop and on-peak hours by raising comfort weight to ensure user comfort during the cooler period.,Prepared for evening temperature drop and on-peak hours by raising comfort weight to ensure user comfort during the cooler period.,1.0,2.5,0.0,38.5,0.9,0.05,0.05,0.0016406587410045471
2026-04-02 15:10:00,proactive,2026-04-02 15:05:00,2026-04-02 15:09:00,38.232831684624706,38.5,0.10019771206551127,0.10019771206551127,0.26716831537529373,4.716764198658206,0.13097373106890464,4.898485918604305,0.00039306368322151715,0,25.95,26.0,25.959016393442624,0.05000000000000071,none,none,-1,1.0,2.5,0.0,38.5,0.9,0.05,0.05,0.009236379046283986,set_cost_weights,agent,"Raising comfort weight due to evening high temperature demand and sleep stability preference, while slightly lowering energy weight for on-peak hours.","Raising comfort weight due to evening high temperature demand and sleep stability preference, while slightly lowering energy weight for on-peak hours.",1.0,2.5,0.0,38.5,0.9,0.05,0.05,0.009236379046283986
2026-04-02 15:20:00,proactive,2026-04-02 15:15:00,2026-04-02 15:19:00,38.01970313300588,38.5,0.4513011182020776,0.4513011182020776,0.48029686699411656,5.210798688984143,0.04882212738969646,5.278683353933504,0.00043423322408201186,0,25.95,26.0,25.9672131147541,0.05000000000000071,none,none,-1,1.0,2.5,0.0,38.5,0.9,0.05,0.05,0.1835231328863686,set_cost_weights,agent,Raising comfort weight to prepare for evening high temperature demand and improving sleep stability.,Raising comfort weight to prepare for evening high temperature demand and improving sleep stability.,1.0,2.5,0.0,38.5,0.9,0.05,0.05,0.1835231328863686
2026-04-02 15:30:00,proactive,2026-04-02 15:25:00,2026-04-02 15:29:00,37.967471863104194,38.5,0.5303894041454882,0.5303894041454882,0.5325281368958059,5.500783177558338,0.03356875577236145,5.547252842757679,0.00045839859812986156,0,25.95,26.0,25.975409836065573,0.05000000000000071,none,none,-1,1.0,2.5,0.0,38.5,0.9,0.05,0.05,0.2534111047925236,set_cost_weights,agent,"Adjusting cost weights to balance comfort and energy savings, with a slight emphasis on comfort due to evening high temperature demand.","Adjusting cost weights to balance comfort and energy savings, with a slight emphasis on comfort due to evening high temperature demand.",1.0,2.5,0.0,38.5,0.9,0.05,0.05,0.2534111047925236
2026-04-02 15:40:00,proactive,2026-04-02 15:35:00,2026-04-02 15:39:00,38.00858581674294,38.5,0.5040014957544627,0.5040014957544627,0.5155535734950263,5.691955248010329,0.021000852346694066,5.720864799631469,0.00047432960400086083,0,25.95,26.0,25.983606557377048,0.05000000000000071,none,none,-1,1.0,2.5,0.0,38.5,0.9,0.05,0.05,0.22885303034853505,set_cost_weights,agent,Increase comfort weight due to evening high temperature demand and upcoming stability preference at sleep time.,Increase comfort weight due to evening high temperature demand and upcoming stability preference at sleep time.,1.0,2.5,0.0,38.5,0.9,0.05,0.05,0.22885303034853505
2026-04-02 15:50:00,proactive,2026-04-02 15:45:00,2026-04-02 15:49:00,38.09457246548245,38.5,0.4243009442088052,0.4243009442088052,0.44283263723401944,5.805123370147671,0.011511247903996127,5.820828873247019,0.00048376028084563924,0,25.95,26.0,25.991803278688526,0.05000000000000071,none,none,-1,1.0,2.5,0.0,38.5,0.9,0.05,0.05,0.16227007489885506,set_cost_weights,agent,Increase comfort weight due to evening high temperature demand and upcoming stability preference at sleep time.,Increase comfort weight due to evening high temperature demand and upcoming stability preference at sleep time.,1.0,2.5,0.0,38.5,0.9,0.05,0.05,0.16227007489885506
2026-04-02 16:00:00,proactive,2026-04-02 15:55:00,2026-04-02 15:59:00,38.19352330970761,38.5,0.32627881810117143,0.32627881810117143,0.346156728922999,5.861619863049976,0.004911923719892178,5.868180842533068,0.0004884683219208313,0,26.0,26.0,26.0,0.0,none,none,-1,1.0,2.5,0.0,38.5,0.9,0.05,0.05,0.09605632052908845,set_cost_weights,agent,Prepared for evening temperature drop and off-peak tariff period,Prepared for evening temperature drop and off-peak tariff period,1.0,2.5,0.0,38.5,0.9,0.05,0.05,0.09605632052908845
2026-04-02 16:10:00,proactive,2026-04-02 16:05:00,2026-04-02 16:09:00,38.29365577010715,38.5,0.22513997652303744,0.22513997652303744,0.24431651871385895,5.873038123686276,0.00047399074993744584,5.872212910795468,0.0004894198436405229,0,26.0,26.0,26.0,0.0,none,none,-1,1.0,2.5,0.0,38.5,0.9,0.05,0.05,0.04586391810305445,set_cost_weights,agent,"Prepared for evening temperature drop and off-peak tariff, slightly raising comfort weight.","Prepared for evening temperature drop and off-peak tariff, slightly raising comfort weight.",1.0,2.5,0.0,38.5,0.9,0.05,0.05,0.04586391810305445
2026-04-02 16:20:00,proactive,2026-04-02 16:15:00,2026-04-02 16:19:00,38.305486397356646,38.5,0.0,0.0,0.0,5.665868680902618,0.0,5.665868680902618,0.0004721557234085516,0,26.0,26.0,26.0,0.0,none,none,-1,1.0,2.5,0.0,38.5,0.9,0.05,0.05,0.00023607786170427582,set_cost_weights,agent,Prepared for evening temperature drop and off-peak tariff period,Prepared for evening temperature drop and off-peak tariff period,1.0,2.5,0.0,38.5,0.9,0.05,0.05,0.00023607786170427582
2026-04-02 16:30:00,proactive,2026-04-02 16:25:00,2026-04-02 16:29:00,38.308104668388964,38.5,0.0,0.0,0.0,5.665868680902618,0.0,5.665868680902618,0.0004721557234085516,0,26.0,26.0,26.0,0.0,none,none,-1,1.0,2.5,0.0,38.5,0.9,0.05,0.05,0.00023607786170427582,set_cost_weights,agent,Prepared for evening temperature drop and off-peak period by slightly raising comfort weight.,Prepared for evening temperature drop and off-peak period by slightly raising comfort weight.,1.0,2.5,0.0,38.5,0.9,0.05,0.05,0.00023607786170427582
2026-04-02 16:40:00,proactive,2026-04-02 16:35:00,2026-04-02 16:39:00,38.3102673185468,38.5,0.0,0.0,0.0,5.665868680902618,0.0,5.665868680902618,0.0004721557234085516,0,26.0,26.0,26.0,0.0,none,none,-1,1.0,2.5,0.0,38.5,0.9,0.05,0.05,0.00023607786170427582,set_cost_weights,agent,Prepared for evening temperature drop and off-peak tariff period,Prepared for evening temperature drop and off-peak tariff period,1.0,2.5,0.0,38.5,0.9,0.05,0.05,0.00023607786170427582
2026-04-02 16:50:00,proactive,2026-04-02 16:45:00,2026-04-02 16:49:00,38.312053633121366,38.5,0.0,0.0,0.0,5.665868680902618,0.0,5.665868680902618,0.0004721557234085516,0,26.0,26.0,26.0,0.0,none,none,-1,1.0,2.5,0.0,38.5,0.9,0.05,0.05,0.00023607786170427582,set_cost_weights,agent,Prepared for evening temperature drop and off-peak tariff period,Prepared for evening temperature drop and off-peak tariff period,1.0,2.5,0.0,38.5,0.9,0.05,0.05,0.00023607786170427582
2026-04-02 17:00:00,proactive,2026-04-02 16:55:00,2026-04-02 16:59:00,38.313529100500006,38.5,0.0,0.0,0.0,5.665868680902618,0.0,5.665868680902618,0.0004721557234085516,0,26.0,21.64,25.928524590163935,-4.359999999999999,evening_high_temperature_demand,warmer,60,1.0,2.5,0.0,38.5,0.9,0.05,0.05,0.00023607786170427582,set_cost_weights,agent,Prepare for evening high temperature demand by slightly raising comfort weight and lowering energy weight to balance user's objective of balancing comfort and cost.,Prepare for evening high temperature demand by slightly raising comfort weight and lowering energy weight to balance user's objective of balancing comfort and cost.,1.0,2.5,0.0,38.5,0.9,0.05,0.05,0.00023607786170427582
2026-04-02 17:10:00,proactive,2026-04-02 17:05:00,2026-04-02 17:09:00,38.31474781304729,38.5,0.0,0.0,0.0,5.665868680902618,0.0,5.665868680902618,0.0004721557234085516,0,26.0,21.64,25.213770491803285,-4.359999999999999,evening_high_temperature_demand,warmer,50,1.0,2.5,0.0,38.5,0.9,0.05,0.05,0.00023607786170427582,set_cost_weights,agent,Prepare for evening high temperature demand by slightly raising comfort weight and lowering energy weight to balance user's objective of cost savings with comfort.,Prepare for evening high temperature demand by slightly raising comfort weight and lowering energy weight to balance user's objective of cost savings with comfort.,1.0,2.5,0.0,38.5,0.9,0.05,0.05,0.00023607786170427582
2026-04-02 17:20:00,proactive,2026-04-02 17:15:00,2026-04-02 17:19:00,38.31575445019457,38.5,0.0,0.0,0.0,5.665868680902618,0.0,5.665868680902618,0.0004721557234085516,0,26.0,21.64,24.499016393442627,-4.359999999999999,evening_high_temperature_demand,warmer,40,1.0,2.5,0.0,38.5,0.9,0.05,0.05,0.00023607786170427582,set_cost_weights,agent,Prepare for evening high temperature demand by slightly raising comfort weight and lowering energy weight to balance user's objective of balancing comfort and cost.,Prepare for evening high temperature demand by slightly raising comfort weight and lowering energy weight to balance user's objective of balancing comfort and cost.,1.0,2.5,0.0,38.5,0.9,0.05,0.05,0.00023607786170427582
2026-04-02 17:30:00,proactive,2026-04-02 17:25:00,2026-04-02 17:29:00,38.31658591644026,38.5,0.0,0.0,0.0,5.665868680902618,0.0,5.665868680902618,0.0004721557234085516,0,26.0,21.64,23.784262295081977,-4.359999999999999,evening_high_temperature_demand,warmer,30,1.0,2.5,0.0,38.5,0.9,0.05,0.05,0.00023607786170427582,set_cost_weights,agent,Prepare for evening high temperature demand by slightly raising comfort weight and lowering energy weight to balance user's objective of cost savings with comfort.,Prepare for evening high temperature demand by slightly raising comfort weight and lowering energy weight to balance user's objective of cost savings with comfort.,1.0,2.5,0.0,38.5,0.9,0.05,0.05,0.00023607786170427582
2026-04-02 17:40:00,proactive,2026-04-02 17:35:00,2026-04-02 17:39:00,38.31727269431211,38.5,0.0,0.0,0.0,5.665868680902618,0.0,5.665868680902618,0.0004721557234085516,0,26.0,21.64,23.06950819672132,-4.359999999999999,evening_high_temperature_demand,warmer,20,1.0,2.5,0.0,38.5,0.9,0.05,0.05,0.00023607786170427582,set_cost_weights,agent,Prepare for evening warmer temperature and higher comfort preference.,Prepare for evening warmer temperature and higher comfort preference.,1.0,2.5,0.0,38.5,0.9,0.05,0.05,0.00023607786170427582
2026-04-02 17:50:00,proactive,2026-04-02 17:45:00,2026-04-02 17:49:00,38.317839961892346,38.5,0.0,0.0,0.0,5.665868680902618,0.0,5.665868680902618,0.0004721557234085516,0,26.0,21.64,22.35475409836066,-4.359999999999999,evening_high_temperature_demand,warmer,10,1.0,2.5,0.0,38.5,0.9,0.05,0.05,0.00023607786170427582,set_cost_weights,agent,Prepare for evening warmer temperature and higher comfort preference.,Prepare for evening warmer temperature and higher comfort preference.,1.0,2.5,0.0,38.5,0.9,0.05,0.05,0.00023607786170427582
2026-04-02 18:00:00,proactive,2026-04-02 17:55:00,2026-04-02 17:59:00,38.318308515875806,38.5,0.0,0.0,0.0,5.665868680902618,0.0,5.665868680902618,0.0004721557234085516,0,21.64,21.24,21.633442622950827,-0.40000000000000213,evening_high_temperature_demand,warmer,0,1.0,2.5,0.0,38.5,0.9,0.05,0.05,0.00023607786170427582,set_cost_weights,agent,"Evening temperature is expected to rise, and the next off-peak period starts at 21:00, encouraging energy savings while maintaining comfort.","Evening temperature is expected to rise, and the next off-peak period starts at 21:00, encouraging energy savings while maintaining comfort.",1.0,2.5,0.0,38.5,0.9,0.05,0.05,0.00023607786170427582
2026-04-02 18:10:00,proactive,2026-04-02 18:05:00,2026-04-02 18:09:00,37.94178926254419,39.0,1.0143661555950374,1.0143661555950374,1.0582107374558092,6.9826049419989875,0.09383554679797278,7.112941222329589,0.0005818837451665824,0,21.64,21.24,21.567868852459018,-0.40000000000000213,none,none,-1,1.0,2.5,0.0,39.0,0.9,0.05,0.05,0.9263379378063281,set_cost_weights,agent,"Forecast shows a drop in outdoor temperature, and the next off-peak period starts at 21:10, suggesting an increase in energy weight to save costs during this period.","Forecast shows a drop in outdoor temperature, and the next off-peak period starts at 21:10, suggesting an increase in energy weight to save costs during this period.",1.0,2.5,0.0,39.0,0.85,0.1,0.05,0.8751819447980786
2026-04-02 18:20:00,proactive,2026-04-02 18:15:00,2026-04-02 18:19:00,37.8928377105428,39.0,1.1124391444505235,1.1124391444505235,1.1151370567727241,7.534468325563441,0.06312963818195666,7.621751493649516,0.0006278723604636201,0,21.64,21.24,21.502295081967215,-0.40000000000000213,none,none,-1,1.0,2.5,0.0,39.0,0.85,0.1,0.05,1.0525215762618765,set_cost_weights,agent,Prepare for the upcoming off-peak period by raising energy cost weight to minimize usage during high-tariff on-peak hours.,Prepare for the upcoming off-peak period by raising energy cost weight to minimize usage during high-tariff on-peak hours.,1.0,2.5,0.0,39.0,0.8571428571428571,0.09523809523809523,0.047619047619047616,1.06133106549254
2026-04-02 18:30:00,proactive,2026-04-02 18:25:00,2026-04-02 18:29:00,38.01040096260431,39.0,1.0206155669943597,1.0206155669943597,1.0498895149704381,7.889694993048766,0.038407690247966156,7.942473036397276,0.000657474582754064,0,21.64,21.24,21.436721311475413,-0.40000000000000213,none,none,-1,1.0,2.5,0.0,39.0,0.8571428571428571,0.09523809523809523,0.047619047619047616,0.8934746284196414,set_cost_weights,agent,Prepare for off-peak hours by raising energy weight,Prepare for off-peak hours by raising energy weight,1.0,2.5,0.0,39.0,0.8214063472308649,0.13067828251400124,0.047915370255133795,0.8564824859812582
2026-04-02 18:40:00,proactive,2026-04-02 18:35:00,2026-04-02 18:39:00,38.202263341509145,39.0,0.8385689712741126,0.8385689712741126,0.8789520103592423,8.09296978112757,0.020118556491030615,8.12032581384133,0.0006744141484272976,0,21.64,21.24,21.371147540983607,-0.40000000000000213,none,none,-1,1.0,2.5,0.0,39.0,0.8214063472308649,0.13067828251400124,0.047915370255133795,0.5784926428395867,set_cost_weights,agent,"Raising comfort weight to prepare for the upcoming stability event at 22:00, while slightly reducing energy and response weights due to consistent on-peak pricing.","Raising comfort weight to prepare for the upcoming stability event at 22:00, while slightly reducing energy and response weights due to consistent on-peak pricing.",1.0,2.5,0.0,39.0,0.8173076923076923,0.13461538461538464,0.04807692307692308,0.5756370299201466
2026-04-02 18:50:00,proactive,2026-04-02 18:45:00,2026-04-02 18:49:00,38.40915962191073,39.0,0.6316462603243622,0.6316462603243622,0.6727570122870503,8.18808058374208,0.007670087035154655,8.198205070022956,0.0006823400486451732,0,21.64,21.24,21.3055737704918,-0.40000000000000213,none,none,-1,1.0,2.5,0.0,39.0,0.8173076923076923,0.13461538461538464,0.04807692307692308,0.3270055182772483,set_cost_weights,agent,Prepare for the upcoming off-peak period by raising energy weight to minimize costs.,Prepare for the upcoming off-peak period by raising energy weight to minimize costs.,1.0,2.5,0.0,39.0,0.8173076923076923,0.13461538461538464,0.04807692307692308,0.3270055182772483
2026-04-02 19:00:00,proactive,2026-04-02 18:55:00,2026-04-02 18:59:00,38.5972533689654,39.0,0.43823477317539955,0.43823477317539955,0.47439386236551684,8.212641680914153,0.000340902674963063,8.21218036173272,0.0006843868067428461,0,21.24,20.69,21.230983606557377,-0.5499999999999972,none,none,-1,1.0,2.5,0.0,39.0,0.8173076923076923,0.13461538461538464,0.04807692307692308,0.15788500049532236,set_cost_weights,agent,Prepared for the upcoming off-peak period by slightly raising energy weight to save costs during this time.,Prepared for the upcoming off-peak period by slightly raising energy weight to save costs during this time.,1.0,2.5,0.0,39.0,0.8173076923076923,0.13461538461538464,0.04807692307692308,0.15788500049532236
2026-04-02 19:10:00,proactive,2026-04-02 19:05:00,2026-04-02 19:09:00,38.869902170800714,39.5,0.6856649665923171,0.6856649665923171,0.7422845708909165,8.756482232890994,0.0005379608539339872,8.755716477209017,0.0007297068527409161,0,21.24,20.69,21.14081967213115,-0.5499999999999972,none,none,-1,1.0,2.5,0.0,39.5,0.8173076923076923,0.13461538461538464,0.04807692307692308,0.38522843184166683,set_cost_weights,agent,Prepared for the upcoming off-peak period by slightly raising energy weight to minimize costs during this time.,Prepared for the upcoming off-peak period by slightly raising energy weight to minimize costs during this time.,1.0,2.5,0.0,39.5,0.8173076923076923,0.13461538461538464,0.04807692307692308,0.38522843184166683
2026-04-02 19:20:00,proactive,2026-04-02 19:15:00,2026-04-02 19:19:00,39.11025499190083,39.5,0.43359742165358883,0.43359742165358883,0.47867314418471807,8.730336945724062,0.006563575427744551,8.720764969343447,0.0007275280788103385,0,21.24,20.69,21.050655737704922,-0.5499999999999972,none,none,-1,1.0,2.5,0.0,39.5,0.8173076923076923,0.13461538461538464,0.04807692307692308,0.15463871670478724,set_cost_weights,agent,"Forecast shows a drop in outdoor temperature, and the next off-peak period starts at 21:20, suggesting an increase in energy weight to save costs during this period.","Forecast shows a drop in outdoor temperature, and the next off-peak period starts at 21:20, suggesting an increase in energy weight to save costs during this period.",1.0,2.5,0.0,39.5,0.8333333333333333,0.11764705882352941,0.049019607843137254,0.1575281958404085
2026-04-02 19:30:00,proactive,2026-04-02 19:25:00,2026-04-02 19:29:00,39.290210841519176,39.5,0.24164000887653855,0.24164000887653855,0.2746470820294107,8.672982394170475,0.009180857577212095,8.659917064072435,0.0007227485328475396,0,21.24,20.69,20.960491803278693,-0.5499999999999972,none,none,-1,1.0,2.5,0.0,39.5,0.8333333333333333,0.11764705882352941,0.049019607843137254,0.04950855764708808,set_cost_weights,agent,Prepared for upcoming off-peak hours with slightly higher energy weight,Prepared for upcoming off-peak hours with slightly higher energy weight,1.0,2.5,0.0,39.5,0.8333333333333333,0.11764705882352941,0.049019607843137254,0.04950855764708808
2026-04-02 19:40:00,proactive,2026-04-02 19:35:00,2026-04-02 19:39:00,39.35399438067733,39.5,0.0,0.0,0.0,8.45012790559161,0.0,8.45012790559161,0.0007041773254659676,0,21.24,20.69,20.87032786885246,-0.5499999999999972,none,none,-1,1.0,2.5,0.0,39.5,0.8333333333333333,0.11764705882352941,0.049019607843137254,0.0008284439123129031,set_cost_weights,agent,Prepared for upcoming off-peak hours and stability preference,Prepared for upcoming off-peak hours and stability preference,1.0,2.5,0.0,39.5,0.8333333333333333,0.11764705882352941,0.049019607843137254,0.0008284439123129031
2026-04-02 19:50:00,proactive,2026-04-02 19:45:00,2026-04-02 19:49:00,39.39940549882042,39.5,0.0,0.0,0.0,8.45012790559161,0.0,8.45012790559161,0.0007041773254659676,0,21.24,20.69,20.78016393442623,-0.5499999999999972,none,none,-1,1.0,2.5,0.0,39.5,0.8333333333333333,0.11764705882352941,0.049019607843137254,0.0008284439123129031,set_cost_weights,agent,Prepared for upcoming off-peak hours by slightly raising energy weight,Prepared for upcoming off-peak hours by slightly raising energy weight,1.0,2.5,0.0,39.5,0.8333333333333333,0.11764705882352941,0.049019607843137254,0.0008284439123129031
2026-04-02 20:00:00,proactive,2026-04-02 19:55:00,2026-04-02 19:59:00,39.43691435890691,39.5,0.0,0.0,0.0,8.45012790559161,0.0,8.45012790559161,0.0007041773254659676,0,20.69,23.66,20.73868852459017,2.969999999999999,none,none,-1,1.0,2.5,0.0,39.5,0.8333333333333333,0.11764705882352941,0.049019607843137254,0.0008284439123129031,set_cost_weights,agent,Prepared for upcoming off-peak hours and stability preference.,Prepared for upcoming off-peak hours and stability preference.,1.0,2.5,0.0,39.5,0.85,0.1,0.05,0.0007041773254659677
2026-04-02 20:10:00,proactive,2026-04-02 20:05:00,2026-04-02 20:09:00,39.37218731702077,39.5,0.0,0.0,0.0,8.45012790559161,0.0,8.45012790559161,0.0007041773254659676,0,20.69,23.66,21.22557377049181,2.969999999999999,none,none,-1,1.0,2.5,0.0,39.5,0.85,0.1,0.05,0.0007041773254659677,set_cost_weights,agent,Preparation for the upcoming off-peak period and stability preference.,Preparation for the upcoming off-peak period and stability preference.,1.0,2.5,0.0,39.5,0.8571428571428571,0.09523809523809523,0.047619047619047616,0.0006706450718723501
2026-04-02 20:20:00,proactive,2026-04-02 20:15:00,2026-04-02 20:19:00,39.31872381166797,39.5,0.0,0.0,0.0,8.45012790559161,0.0,8.45012790559161,0.0007041773254659676,0,20.69,23.66,21.71245901639345,2.969999999999999,none,none,-1,1.0,2.5,0.0,39.5,0.8571428571428571,0.09523809523809523,0.047619047619047616,0.0006706450718723501,set_cost_weights,agent,Prepare for the upcoming off-peak period by raising energy cost weight to minimize usage during higher-cost on-peak hours.,Prepare for the upcoming off-peak period by raising energy cost weight to minimize usage during higher-cost on-peak hours.,1.0,2.5,0.0,39.5,0.8571428571428571,0.09523809523809523,0.047619047619047616,0.0006706450718723501
2026-04-02 20:30:00,proactive,2026-04-02 20:25:00,2026-04-02 20:29:00,39.30187407578724,39.5,0.0806304088958683,0.0806304088958683,0.20314178197686772,8.550994884285524,0.09955835242499327,8.475443019939078,0.0007125829070237937,0,20.69,23.66,22.199344262295092,2.969999999999999,none,none,-1,1.0,2.5,0.0,39.5,0.8571428571428571,0.09523809523809523,0.047619047619047616,0.006253485768232469,set_cost_weights,agent,"Forecast suggests a temperature increase, raising energy weight to prepare for higher heating costs during the night.","Forecast suggests a temperature increase, raising energy weight to prepare for higher heating costs during the night.",1.0,2.5,0.0,39.5,0.8214063472308649,0.13067828251400126,0.047915370255133795,0.006273708505171153
2026-04-02 20:40:00,proactive,2026-04-02 20:35:00,2026-04-02 20:39:00,39.29884343148462,39.5,0.08069837886842919,0.08069837886842919,0.20233532582676617,8.581398826324502,0.10233636359552217,8.71024836263719,0.0007151165688603753,0,20.69,23.66,22.68622950819673,2.969999999999999,none,none,-1,1.0,2.5,0.0,39.5,0.8214063472308649,0.13067828251400126,0.047915370255133795,0.006286158937090902,set_cost_weights,agent,Prepared for upcoming off-peak hours and stability preference,Prepared for upcoming off-peak hours and stability preference,1.0,2.5,0.0,39.5,0.8252427184466019,0.1262135922330097,0.04854368932038835,0.006279246927427088
2026-04-02 20:50:00,proactive,2026-04-02 20:45:00,2026-04-02 20:49:00,39.30556944489276,39.5,0.04028381321155763,0.04028381321155763,0.20141906605778814,8.561112374730687,0.08314891969177185,8.525864038170575,0.0007134260312275573,0,20.69,23.66,23.17311475409837,2.969999999999999,none,none,-1,1.0,2.5,0.0,39.5,0.8252427184466019,0.1262135922330097,0.04854368932038835,0.002241285412260561,set_cost_weights,agent,Prepared for upcoming off-peak hours and stability preference,Prepared for upcoming off-peak hours and stability preference,1.0,2.5,0.0,39.5,0.8252427184466019,0.1262135922330097,0.04854368932038835,0.002241285412260561
2026-04-02 21:00:00,proactive,2026-04-02 20:55:00,2026-04-02 20:59:00,39.30180663974751,39.5,0.0,0.0,0.0,8.53419821753856,0.0,8.53419821753856,0.0007111831847948799,0,23.66,22.86,23.646885245901643,-0.8000000000000007,sleep_stability_preference,stability,60,1.0,2.5,0.0,39.5,0.8252427184466019,0.1262135922330097,0.04854368932038835,0.0008976098448867416,set_cost_weights,agent,Prepare for the upcoming sleep stability preference by slightly raising comfort weight and lowering energy weight to balance cost.,Prepare for the upcoming sleep stability preference by slightly raising comfort weight and lowering energy weight to balance cost.,1.0,2.5,0.0,39.5,0.8252427184466019,0.1262135922330097,0.04854368932038835,0.0008976098448867416
2026-04-02 21:10:00,proactive,2026-04-02 21:05:00,2026-04-02 21:09:00,39.78892468533519,39.5,0.15155646308569573,-0.15155646308569573,0.2889246853351892,8.37062513734909,0.1369758662870505,8.213699269060518,0.000697552094779091,0,23.66,22.86,23.51573770491802,-0.8000000000000007,sleep_stability_preference,stability,50,1.0,2.5,0.0,39.5,0.8252427184466019,0.1262135922330097,0.04854368932038835,0.01984018918082669,set_cost_weights,agent,Prepared for upcoming stability preference by slightly raising comfort weight,Prepared for upcoming stability preference by slightly raising comfort weight,1.0,2.5,0.0,39.5,0.8252427184466019,0.1262135922330097,0.04854368932038835,0.01984018918082669
2026-04-02 21:20:00,proactive,2026-04-02 21:15:00,2026-04-02 21:19:00,40.014900730002445,39.5,0.4842247745217804,-0.4842247745217804,0.5149007300024451,7.88057707323478,0.052059464879886004,7.8081938544176825,0.0006567147561028984,0,23.66,22.86,23.384590163934416,-0.8000000000000007,sleep_stability_preference,stability,40,1.0,2.5,0.0,39.5,0.8252427184466019,0.1262135922330097,0.04854368932038835,0.19432716886699578,set_cost_weights,agent,Prepared for upcoming stability preference by slightly raising comfort weight,Prepared for upcoming stability preference by slightly raising comfort weight,1.0,2.5,0.0,39.5,0.8252427184466019,0.1262135922330097,0.04854368932038835,0.19432716886699578
2026-04-02 21:30:00,proactive,2026-04-02 21:25:00,2026-04-02 21:29:00,40.06954602514455,39.5,0.5674569925290186,-0.5674569925290186,0.5695720624528917,7.571475915982747,0.035766320232884084,7.521966335588921,0.0006309563263318954,0,23.66,22.86,23.253442622950818,-0.8000000000000007,sleep_stability_preference,stability,30,1.0,2.5,0.0,39.5,0.8252427184466019,0.1262135922330097,0.04854368932038835,0.2665309522553575,set_cost_weights,agent,Prepared for the upcoming stability preference by slightly raising comfort weight to ensure better sleep quality.,Prepared for the upcoming stability preference by slightly raising comfort weight to ensure better sleep quality.,1.0,2.5,0.0,39.5,0.8252427184466019,0.1262135922330097,0.04854368932038835,0.2665309522553575
2026-04-02 21:40:00,proactive,2026-04-02 21:35:00,2026-04-02 21:39:00,40.02491952961268,39.5,0.5384807082344352,-0.5384807082344352,0.5509430486055606,7.3678764197897575,0.02235349424937751,7.3371067426544805,0.0006139897016491463,0,23.66,22.86,23.122295081967206,-0.8000000000000007,sleep_stability_preference,stability,20,1.0,2.5,0.0,39.5,0.8252427184466019,0.1262135922330097,0.04854368932038835,0.24006365224989923,set_cost_weights,agent,Prepared for the upcoming stability preference by raising comfort weight and lowering response weight.,Prepared for the upcoming stability preference by raising comfort weight and lowering response weight.,1.0,2.5,0.0,39.5,0.8095238095238094,0.14285714285714285,0.047619047619047616,0.23560796167402476
2026-04-02 21:50:00,proactive,2026-04-02 21:45:00,2026-04-02 21:49:00,39.93268858984653,39.5,0.4529064596468245,-0.4529064596468245,0.47276418725550684,7.247494622387974,0.01223361914376076,7.230805436360586,0.000603957885198998,0,23.66,22.86,22.991147540983597,-0.8000000000000007,sleep_stability_preference,stability,10,1.0,2.5,0.0,39.5,0.8095238095238094,0.14285714285714285,0.047619047619047616,0.16691580541926027,set_cost_weights,agent,Prepared for upcoming stability preference by slightly raising comfort weight and lowering energy weight.,Prepared for upcoming stability preference by slightly raising comfort weight and lowering energy weight.,1.0,2.5,0.0,39.5,0.8333333333333333,0.11764705882352941,0.049019607843137254,0.17164745914182702
2026-04-02 22:00:00,proactive,2026-04-02 21:55:00,2026-04-02 21:59:00,39.826835442808836,39.5,0.3480066576468047,-0.3480066576468047,0.36926192879480624,7.187526815951576,0.005201494144095962,7.180581495845533,0.0005989605679959647,0,22.86,22.13,22.848032786885238,-0.7300000000000004,sleep_stability_preference,stability,0,1.0,2.5,0.0,39.5,0.8333333333333333,0.11764705882352941,0.049019607843137254,0.10162852749509393,set_cost_weights,agent,Prepared for the upcoming off-peak period and stability preference by slightly raising comfort weight.,Prepared for the upcoming off-peak period and stability preference by slightly raising comfort weight.,1.0,2.5,0.0,39.5,0.8333333333333333,0.11764705882352941,0.049019607843137254,0.10162852749509393
2026-04-02 22:10:00,proactive,2026-04-02 22:05:00,2026-04-02 22:09:00,39.438664210278574,39.0,0.5107730271303126,-0.5107730271303126,0.5856320301155975,6.781385078572834,0.022971586344746633,6.813991137305383,0.0005651154232144028,0,22.86,22.13,22.72836065573771,-0.7300000000000004,none,none,-1,1.0,2.5,0.0,39.0,0.8333333333333333,0.11764705882352941,0.049019607843137254,0.2180725400970332,set_cost_weights,agent,"Forecast suggests a drop in outdoor temperature, and the next few hours are off-peak. Raising energy weight slightly to prepare for potential higher heating demand while keeping comfort as the primary focus.","Forecast suggests a drop in outdoor temperature, and the next few hours are off-peak. Raising energy weight slightly to prepare for potential higher heating demand while keeping comfort as the primary focus.",1.0,2.5,0.0,39.0,0.85,0.1,0.05,0.22232096781433097
2026-04-02 22:20:00,proactive,2026-04-02 22:15:00,2026-04-02 22:19:00,39.1689170787996,39.0,0.13932092486212752,-0.13932092486212752,0.257684284985217,7.018075927779558,0.10983512936800778,7.1520133117080125,0.0005848396606482965,0,22.86,22.13,22.608688524590175,-0.7300000000000004,none,none,-1,1.0,2.5,0.0,39.0,0.85,0.1,0.05,0.017086582203257542,set_cost_weights,agent,Adjusted energy weight to account for upcoming on-peak hours and balanced comfort with cost savings.,Adjusted energy weight to account for upcoming on-peak hours and balanced comfort with cost savings.,1.0,2.5,0.0,39.0,0.8333333333333333,0.11764705882352941,0.049019607843137254,0.016866225622928627
2026-04-02 22:30:00,proactive,2026-04-02 22:25:00,2026-04-02 22:29:00,39.037232870535455,39.0,0.0,0.0,0.0,7.1520133117080125,0.0,7.1520133117080125,0.0005960011093090011,0,22.86,22.13,22.48901639344263,-0.7300000000000004,none,none,-1,1.0,2.5,0.0,39.0,0.8333333333333333,0.11764705882352941,0.049019607843137254,0.0007011777756576483,set_cost_weights,agent,Prepared for the upcoming off-peak to on-peak tariff transition by slightly raising energy weight.,Prepared for the upcoming off-peak to on-peak tariff transition by slightly raising energy weight.,1.0,2.5,0.0,39.0,0.8305591547891956,0.11960530250174423,0.0498355427090601,0.000712848929702782
2026-04-02 22:40:00,reactive,2026-04-02 22:35:00,2026-04-02 22:39:00,38.928463812530396,39.0,0.0,0.0,0.0,7.1520133117080125,0.0,7.1520133117080125,0.0005960011093090011,0,22.86,22.13,22.36934426229509,-0.7300000000000004,none,none,-1,1.0,2.5,0.0,39.0,0.8305591547891956,0.11960530250174423,0.0498355427090601,0.000712848929702782,set_cost_weights,agent,"Recent telemetry shows no tracking error, but the upcoming on-peak hours suggest raising energy cost weight to save costs.","Recent telemetry shows no tracking error, but the upcoming on-peak hours suggest raising energy cost weight to save costs.",1.0,2.5,0.0,39.0,0.85,0.1,0.05,0.0005960011093090012
2026-04-02 22:50:00,proactive,2026-04-02 22:45:00,2026-04-02 22:49:00,38.83862230355025,39.0,0.0,0.0,0.0,7.1520133117080125,0.0,7.1520133117080125,0.0005960011093090011,0,22.86,22.13,22.24967213114755,-0.7300000000000004,none,none,-1,1.0,2.5,0.0,39.0,0.85,0.1,0.05,0.0005960011093090012,set_cost_weights,agent,Adjusted energy weight to account for upcoming on-peak hours and balanced comfort.,Adjusted energy weight to account for upcoming on-peak hours and balanced comfort.,1.0,2.5,0.0,39.0,0.8333333333333333,0.11764705882352941,0.049019607843137254,0.0007011777756576483
2026-04-02 23:00:00,reactive,2026-04-02 22:55:00,2026-04-02 22:59:00,38.80051060559851,39.0,0.1223964051388677,0.1223964051388677,0.20602231986450192,7.298087617466807,0.1024442452037604,7.185856460711488,0.0006081739681222339,0,22.13,22.13,22.130000000000006,0.0,none,none,-1,1.0,2.5,0.0,39.0,0.8333333333333333,0.11764705882352941,0.049019607843137254,0.013202098912043376,hold,agent,"Recent telemetry shows good tracking with minimal error and no oscillation, suggesting the current settings are effective for the current conditions.","Recent telemetry shows good tracking with minimal error and no oscillation, suggesting the current settings are effective for the current conditions.",1.0,2.5,0.0,39.0,0.8325507043660705,0.11749425517034667,0.049955040463582776,0.013189493475073415
2026-04-02 23:10:00,reactive,2026-04-02 23:05:00,2026-04-02 23:09:00,38.722912126949375,39.0,0.2691795956572435,0.2691795956572435,0.27708787305062543,7.53776803824735,0.02212276161216419,7.568468169823136,0.0006281473365206124,0,22.13,22.13,22.130000000000006,0.0,none,none,-1,1.0,2.5,0.0,39.0,0.8325507043660705,0.11749425517034667,0.049955040463582776,0.061062828907258865,set_cost_weights,agent,"Recent telemetry shows a small tracking error, but the upcoming on-peak hours suggest raising energy cost weight to minimize expenses.","Recent telemetry shows a small tracking error, but the upcoming on-peak hours suggest raising energy cost weight to minimize expenses.",1.0,2.5,0.0,39.0,0.85,0.1,0.05,0.062217274355841665
2026-04-02 23:20:00,reactive,2026-04-02 23:15:00,2026-04-02 23:19:00,38.7218817370192,39.0,0.2812805679102638,0.2812805679102638,0.28361785634501047,7.666755279814927,0.01459966353597109,7.686918213852639,0.0006388962733179105,0,22.13,22.13,22.13,0.0,none,none,-1,1.0,2.5,0.0,39.0,0.85,0.1,0.05,0.06788989295853472,set_cost_weights,agent,"Recent telemetry shows a small tracking error, but the upcoming on-peak hours suggest raising energy cost weight to save costs.","Recent telemetry shows a small tracking error, but the upcoming on-peak hours suggest raising energy cost weight to save costs.",1.0,2.5,0.0,39.0,0.85,0.1,0.05,0.06788989295853472
2026-04-02 23:30:00,reactive,2026-04-02 23:25:00,2026-04-02 23:29:00,38.75747432624035,39.0,0.25123253669545276,0.25123253669545276,0.25957906515255047,7.748010061780451,0.008655430417552954,7.75988380856898,0.0006456675051483709,0,22.13,22.13,22.13,0.0,none,none,-1,1.0,2.5,0.0,39.0,0.85,0.1,0.05,0.054295805322070116,set_cost_weights,agent,"Recent telemetry shows a small tracking error, but the current cost weights are balanced for comfort and energy savings. No significant changes are needed as the forecast suggests no upcoming disturbances or schedule events.","Recent telemetry shows a small tracking error, but the current cost weights are balanced for comfort and energy savings. No significant changes are needed as the forecast suggests no upcoming disturbances or schedule events.",1.0,2.5,0.0,39.0,0.85,0.1,0.05,0.054295805322070116
2026-04-02 23:40:00,reactive,2026-04-02 23:35:00,2026-04-02 23:39:00,38.79968582805145,39.0,0.16467414837157435,0.16467414837157435,0.21290972030944744,7.752069255089137,0.08073008000769812,7.7994913659324165,0.0006460057712574281,0,22.13,22.13,22.13,0.0,none,none,-1,1.0,2.5,0.0,39.0,0.85,0.1,0.05,0.023697549405388433,set_cost_weights,agent,"Recent telemetry shows small tracking error, but the upcoming on-peak period suggests raising energy cost weight to save costs.","Recent telemetry shows small tracking error, but the upcoming on-peak period suggests raising energy cost weight to save costs.",1.0,2.5,0.0,39.0,0.85,0.1,0.05,0.023697549405388433
2026-04-02 23:50:00,reactive,2026-04-02 23:45:00,2026-04-02 23:49:00,38.800035324792226,39.0,0.04040154503344127,0.04040154503344127,0.20200772516720633,7.654665049228496,0.08170984281291106,7.615946901904782,0.0006378887541023746,0,22.13,22.13,22.13,0.0,none,none,-1,1.0,2.5,0.0,39.0,0.85,0.1,0.05,0.0020269748206225196,set_cost_weights,agent,"Recent telemetry shows minimal error and stable conditions, but the upcoming on-peak period suggests raising energy cost weight to prepare for higher tariffs.","Recent telemetry shows minimal error and stable conditions, but the upcoming on-peak period suggests raising energy cost weight to prepare for higher tariffs.",1.0,2.5,0.0,39.0,0.85,0.1,0.05,0.0020269748206225196
